0,1,2,3,4,5,6,7,8,9,10
0.0033941814033086,0.0163529188058566,56.54838709677419,2142.0,220.0,186.0,172.0,0.0,1.0,1.0,0.0
0.0094203948136899,0.0101623642097885,32.30566037735849,4839.0,329.0,265.0,87.0,0.0,1.0,1.0,0.0
0.0015947211579395,0.0229885057471264,8.213286713286713,225.0,336.0,286.0,54.0,0.0,1.0,1.0,0.0
6.542754438265439e-05,0.0024698544044425,16.79653851235302,500.0,8328.0,7569.0,314.0,0.0,1.0,1.0,0.0
0.0009206489675516,0.0058997050147492,17.20812182741117,188.0,285.0,197.0,20.0,0.0,1.0,1.0,0.0
0.0007118914888328,0.0024429215637538,30.120855614973262,6015.0,5512.0,4675.0,344.0,0.0,1.0,1.0,0.0
0.0014155185238639,0.0028088328355889,32.38870909744696,7650.0,3295.0,2781.0,253.0,0.0,1.0,1.0,0.0
0.0006764923989618,0.0329996292176492,9.236301369863014,110.0,317.0,292.0,89.0,0.0,1.0,1.0,0.0
0.0008179012345679,0.0119825708061002,13.368932038834952,136.0,207.0,206.0,33.0,0.0,1.0,0.0,1.0
0.0004426015141087,0.0074328974535443,12.148829431438129,193.0,615.0,598.0,54.0,0.0,1.0,1.0,0.0
0.0223529411764705,0.0125807548452907,16.07103825136612,3945.0,190.0,183.0,37.0,0.0,1.0,1.0,0.0
0.0008660145586897,0.013648771610555,14.366013071895424,115.0,157.0,153.0,30.0,0.0,1.0,0.0,1.0
0.0001169769720725,0.0106565409113179,36.12389380530973,58.0,385.0,226.0,87.0,0.0,1.0,1.0,0.0
0.0401912523770714,0.0143982613420266,34.72641509433962,8877.0,189.0,106.0,53.0,0.0,1.0,1.0,0.0
0.0303740232935279,0.0122364735367831,42.39375,12362.0,252.0,160.0,83.0,0.0,1.0,1.0,0.0
0.2029744245524296,0.0127877237851662,2.7535211267605635,4762.0,144.0,142.0,5.0,0.0,1.0,1.0,0.0
0.0059564365947383,0.0195093112621933,96.65714285714286,4837.0,158.0,140.0,264.0,0.0,1.0,1.0,0.0
0.0067659119071758,0.0262476061732567,71.016,3604.0,142.0,125.0,233.0,0.0,1.0,1.0,0.0
9.863588667366213e-06,0.0128016789087093,10.181623931623932,3.0,2319.0,468.0,61.0,0.0,1.0,1.0,0.0
0.0007291558777835,0.0077679958570688,10.727777777777778,85.0,185.0,180.0,15.0,0.0,1.0,0.0,1.0
0.0068236721488271,0.0061112608969174,18.42218543046357,4556.0,645.0,604.0,68.0,0.0,1.0,1.0,0.0
0.0007625546889861,0.0020448925242533,30.76517922457937,5773.0,5134.0,4101.0,258.0,0.0,1.0,1.0,0.0
0.000154752315747,0.0116794200563834,9.396404919583729,93.0,1270.0,1057.0,116.0,0.0,1.0,1.0,0.0
0.0062193744164332,0.0140989729225023,19.65137614678899,3997.0,597.0,545.0,151.0,0.0,1.0,1.0,0.0
0.0095459354794094,0.0073303136129456,96.08305647840533,16565.0,314.0,301.0,212.0,0.0,1.0,1.0,0.0
0.0008382608695652,0.0113043478260869,16.121495327102803,174.0,223.0,214.0,39.0,0.0,1.0,1.0,0.0
0.0006313107920333,0.0138953219082908,12.06145251396648,82.0,184.0,179.0,30.0,0.0,1.0,0.0,1.0
0.0010647109577221,0.0060396893874029,11.25242718446602,75.0,102.0,103.0,7.0,0.0,1.0,0.0,1.0
0.0008316455696202,0.0079113924050632,16.719576719576718,158.0,193.0,189.0,25.0,0.0,1.0,1.0,0.0
3.893129770992366e-06,0.0151145038167938,11.654804270462634,4.0,4984.0,1124.0,198.0,0.0,1.0,1.0,0.0
0.0156280552603613,0.0127523910733262,25.994475138121548,4412.0,198.0,181.0,60.0,0.0,1.0,1.0,0.0
0.0004583135954523,0.0119611558503079,12.435935198821795,233.0,704.0,679.0,101.0,0.0,1.0,1.0,0.0
0.0008342433697347,0.0343213728549142,6.284313725490196,65.0,233.0,204.0,44.0,0.0,1.0,1.0,0.0
0.0007611473626971,0.0141381185426862,17.02777777777778,168.0,220.0,216.0,52.0,0.0,1.0,1.0,0.0
0.0011260985861673,0.0068781047000382,14.300546448087433,177.0,190.0,183.0,18.0,0.0,1.0,1.0,0.0
0.0001125465549348,0.0069056486654252,43.68813559322034,88.0,600.0,295.0,89.0,0.0,1.0,1.0,0.0
0.0002031790586852,0.0063320060056139,12.744592346089853,187.0,1275.0,1202.0,97.0,0.0,1.0,1.0,0.0
5.9494309838472834e-05,0.0025353340675477,15.686161597984524,312.0,6024.0,5557.0,221.0,0.0,1.0,1.0,0.0
0.0007904060567347,0.0022647426032925,29.261682242990656,6534.0,5493.0,4708.0,312.0,0.0,1.0,1.0,0.0
0.0014662113587347,0.0143781452192667,10.303703703703704,123.0,139.0,135.0,20.0,0.0,1.0,0.0,1.0
0.0010178443968593,0.0092790863668807,14.36923076923077,172.0,195.0,195.0,26.0,0.0,1.0,1.0,0.0
0.0009981735159817,0.0063926940639269,10.528846153846152,66.0,104.0,104.0,7.0,0.0,1.0,0.0,1.0
0.001829263886021,0.0091885195126987,43.92743764172336,2127.0,923.0,441.0,178.0,0.0,1.0,1.0,0.0
0.0045198787537008,0.0193148174256309,28.146825396825395,1924.0,375.0,252.0,137.0,0.0,1.0,1.0,0.0
0.0030711430855315,0.0391686650679456,8.34,231.0,173.0,150.0,49.0,0.0,1.0,1.0,0.0
0.002406331309627,0.0098294304712344,34.162962962962965,1998.0,651.0,405.0,136.0,0.0,1.0,1.0,0.0
0.0015050980392156,0.0078431372549019,11.91588785046729,116.0,106.0,107.0,10.0,0.0,1.0,0.0,1.0
0.0001230855435188,0.0031129373677001,16.713839750260146,119.0,1195.0,961.0,50.0,0.0,1.0,1.0,0.0
0.001058399175541,0.0391618000687049,8.637982195845698,185.0,391.0,337.0,114.0,0.0,1.0,1.0,0.0
1.1423550087873465e-05,0.0338312829525483,14.875816993464053,2.0,1454.0,153.0,77.0,0.0,1.0,1.0,0.0
0.0008803582853486,0.0115163147792706,14.47222222222222,83.0,108.0,108.0,18.0,0.0,1.0,0.0,1.0
0.0058748784440842,0.0089681253376553,26.594827586206897,3263.0,391.0,348.0,83.0,0.0,1.0,1.0,0.0
7.97773654916512e-06,0.0089053803339517,14.18421052631579,3.0,2896.0,380.0,48.0,0.0,1.0,1.0,0.0
0.0081418571428571,0.0093142857142857,76.08695652173913,8549.0,239.0,230.0,163.0,0.0,1.0,1.0,0.0
0.0001181520631002,0.0055266405537371,20.77703455964325,133.0,1176.0,897.0,103.0,0.0,1.0,1.0,0.0
0.0075177201670065,0.0070880668026021,17.63527397260274,4646.0,623.0,584.0,73.0,0.0,1.0,1.0,0.0
0.0010356065178032,0.004224502112251,12.64885496183206,103.0,126.0,131.0,7.0,0.0,1.0,0.0,1.0
0.0001067594614264,0.0055040029112081,24.84067796610169,141.0,1257.0,885.0,121.0,0.0,1.0,1.0,0.0
0.0001141803387768,0.0031748445847037,15.31770529994176,361.0,3732.0,3434.0,167.0,0.0,1.0,1.0,0.0
0.0007058678500986,0.0125739644970414,18.605504587155963,172.0,244.0,218.0,51.0,0.0,1.0,1.0,0.0
0.0010156193721774,0.0062200426675532,82.02954545454546,4399.0,976.0,880.0,449.0,0.0,1.0,1.0,0.0
0.0154719619105199,0.0151148730350665,54.22950819672131,6142.0,200.0,122.0,100.0,0.0,1.0,1.0,0.0
0.0001562477204755,0.0050331898752644,21.25426356589148,129.0,998.0,645.0,69.0,0.0,1.0,1.0,0.0
0.0008846545683055,0.0025231366873595,31.258333333333333,5575.0,3999.0,3360.0,265.0,0.0,1.0,1.0,0.0
0.0004864227642276,0.0104065040650406,11.988304093567251,180.0,526.0,513.0,64.0,0.0,1.0,1.0,0.0
0.0004732974910394,0.0111111111111111,13.609756097560975,80.0,210.0,205.0,31.0,0.0,1.0,0.0,1.0
0.0291691764705882,0.012235294117647,15.510948905109489,3720.0,148.0,137.0,26.0,0.0,1.0,1.0,0.0
0.003420917892385,0.0193632470675851,55.08717948717949,2205.0,232.0,195.0,208.0,0.0,1.0,1.0,0.0
0.0001046634870164,0.0031266560678325,19.17682926829268,119.0,1314.0,984.0,59.0,0.0,1.0,1.0,0.0
0.0013453185800308,0.0083476446164213,78.36626916524702,3714.0,665.0,587.0,384.0,0.0,1.0,1.0,0.0
0.0010616992276238,0.0205361199454793,62.885714285714286,702.0,265.0,175.0,226.0,0.0,1.0,1.0,0.0
9.066235714396178e-05,0.0021109444349937,15.948452336909607,704.0,8874.0,8109.0,273.0,0.0,1.0,1.0,0.0
0.0001388574848706,0.0015295604176364,19.32776349614396,126.0,1154.0,778.0,23.0,0.0,1.0,1.0,0.0
8.983481766758935e-05,0.0030840052954627,14.877350044762755,359.0,4799.0,4468.0,205.0,0.0,1.0,1.0,0.0
0.0001407209612817,0.0091677792612372,9.863915715539948,95.0,1354.0,1139.0,103.0,0.0,1.0,1.0,0.0
0.0181101816443594,0.0126673040152963,19.192660550458715,4547.0,253.0,218.0,53.0,0.0,1.0,1.0,0.0
0.0151395271271864,0.0095612214645715,42.5615141955836,12256.0,377.0,317.0,129.0,0.0,1.0,1.0,0.0
0.0243360881542699,0.0179063360881542,20.166666666666668,3181.0,125.0,108.0,39.0,0.0,1.0,1.0,0.0
0.0178658798283261,0.0120171673819742,20.43859649122807,4996.0,270.0,228.0,56.0,0.0,1.0,1.0,0.0
9.361233480176211e-06,0.0126651982378854,7.662447257383966,4.0,2029.0,711.0,69.0,0.0,1.0,1.0,0.0
0.0023505338078291,0.0088967971530249,13.171875,238.0,131.0,128.0,15.0,0.0,1.0,1.0,0.0
0.0018334714167357,0.0298260149130074,9.143939393939394,266.0,312.0,264.0,72.0,0.0,1.0,1.0,0.0
0.0002425860023724,0.0114669829972321,42.50420168067227,74.0,225.0,119.0,58.0,0.0,1.0,1.0,0.0
0.0115570084516026,0.013873385424972,21.926573426573427,4349.0,333.0,286.0,87.0,0.0,1.0,1.0,0.0
0.0092502540076766,0.0069428764958229,33.68060836501901,9833.0,572.0,526.0,123.0,0.0,1.0,1.0,0.0
0.0280663280549746,0.0101583507618763,44.626666666666665,11273.0,243.0,150.0,68.0,0.0,1.0,1.0,0.0
0.0004706386292834,0.0066978193146417,11.546762589928058,182.0,566.0,556.0,43.0,0.0,1.0,1.0,0.0
0.0507722315436241,0.020413870246085,34.05714285714286,10894.0,112.0,105.0,73.0,0.0,1.0,1.0,0.0
8.781558726673984e-06,0.009147457006952,8.85899513776337,3.0,2568.0,617.0,50.0,0.0,1.0,1.0,0.0
0.2150986842105263,0.0263157894736842,2.7142857142857144,4905.0,142.0,140.0,10.0,0.0,1.0,1.0,0.0
0.0052452985184098,0.0059850374064837,92.37127371273712,10728.0,392.0,369.0,204.0,0.0,1.0,1.0,0.0
0.0036229989580373,0.0042152126551103,19.021621621621623,4590.0,1183.0,1110.0,89.0,0.0,1.0,1.0,0.0
0.0037746252676659,0.0160599571734475,23.54621848739496,635.0,123.0,119.0,45.0,0.0,1.0,0.0,1.0
0.0122591913586364,0.0093152313943117,82.71311475409836,14845.0,256.0,244.0,188.0,0.0,1.0,1.0,0.0
0.0103068550020251,0.007138517618469,36.71375464684015,12215.0,632.0,538.0,141.0,0.0,1.0,1.0,0.0
0.0424436687530091,0.0115551275878671,39.56190476190476,10579.0,174.0,105.0,48.0,0.0,1.0,1.0,0.0
0.000703744493392,0.0093612334801762,9.557894736842105,77.0,195.0,190.0,17.0,0.0,1.0,0.0,1.0
0.0004620829120323,0.0889787664307381,5.26063829787234,28.0,210.0,188.0,88.0,0.0,1.0,1.0,0.0
0.0045210332856851,0.018174392485195,20.927350427350422,1329.0,331.0,234.0,89.0,0.0,1.0,1.0,0.0
0.0008251928020565,0.0074264495858326,17.592964824120603,174.0,232.0,199.0,26.0,0.0,1.0,1.0,0.0
0.0001732083922677,0.015087223008015,7.636363636363637,89.0,1198.0,1111.0,128.0,0.0,1.0,1.0,0.0
0.0015845231296402,0.0097087378640776,10.94375,167.0,161.0,160.0,17.0,0.0,1.0,1.0,0.0
0.0240572315118083,0.0108601965178417,36.48427672955975,8374.0,250.0,159.0,63.0,0.0,1.0,1.0,0.0
0.0137159406215316,0.0149833518312985,68.64761904761905,5932.0,106.0,105.0,108.0,0.0,1.0,1.0,0.0
0.0023251953125,0.0315755208333333,10.52054794520548,429.0,389.0,292.0,97.0,0.0,1.0,1.0,0.0
0.0008084868788386,0.0086543830262423,15.242553191489362,174.0,247.0,235.0,31.0,0.0,1.0,1.0,0.0
0.0006754385964912,0.0126705653021442,13.070063694267516,84.0,162.0,157.0,26.0,0.0,1.0,0.0,1.0
0.0046187072359619,0.01334046863652,96.18014705882354,7250.0,308.0,272.0,349.0,0.0,1.0,1.0,0.0
0.0005695642041482,0.0123514332323467,11.886426592797784,147.0,372.0,361.0,53.0,0.0,1.0,1.0,0.0
0.0001294717022926,0.0171669066341787,43.40865384615385,71.0,391.0,208.0,155.0,0.0,1.0,1.0,0.0
6.623176296677165e-05,0.001936178417636,15.929357563347835,495.0,8598.0,7814.0,241.0,0.0,1.0,1.0,0.0
0.0007213049690427,0.0195269090331798,12.960905349794238,273.0,708.0,486.0,123.0,0.0,1.0,1.0,0.0
0.0007873606564795,0.0019836181798983,30.500575109270763,6264.0,5106.0,4347.0,263.0,0.0,1.0,1.0,0.0
5.950166857926741e-05,0.0023083112394971,14.90621313409359,271.0,5513.0,5086.0,175.0,0.0,1.0,1.0,0.0
0.001047356321839,0.0151724137931034,13.425925925925926,137.0,167.0,162.0,33.0,0.0,1.0,0.0,1.0
0.0017436893203883,0.0237864077669902,7.686567164179104,216.0,301.0,268.0,49.0,0.0,1.0,1.0,0.0
0.0001113792900453,0.0037087184317419,19.57027649769585,114.0,1171.0,868.0,63.0,0.0,1.0,1.0,0.0
0.0003030707610146,0.0182465509568313,7.213483146067416,82.0,670.0,623.0,82.0,0.0,1.0,1.0,0.0
0.0010768203072812,0.0113560454241816,13.017391304347829,97.0,115.0,115.0,17.0,0.0,1.0,0.0,1.0
0.0001521723309802,0.0017465977730878,18.7462482946794,126.0,1041.0,733.0,24.0,0.0,1.0,1.0,0.0
0.0048395348837209,0.0017889087656529,55.9,2435.0,150.0,150.0,15.0,0.0,1.0,0.0,1.0
0.0007875354107648,0.023371104815864,8.557575757575757,67.0,185.0,165.0,33.0,0.0,1.0,1.0,0.0
0.0011615331964407,0.0102669404517453,11.4140625,102.0,131.0,128.0,15.0,0.0,1.0,0.0,1.0
0.0030049081697276,0.0128773485328266,63.16,3417.0,323.0,300.0,244.0,0.0,1.0,1.0,0.0
1.3205086403651776e-05,0.0125529833713726,44.77372262773723,5.0,280.0,137.0,77.0,0.0,1.0,1.0,0.0
0.0030210727969348,0.0498084291187739,6.823529411764706,190.0,161.0,153.0,52.0,0.0,1.0,1.0,0.0
5.924300603400988e-06,0.0149204607789358,8.60717658168083,4.0,2593.0,1059.0,136.0,0.0,1.0,1.0,0.0
0.0015551558752997,0.0251798561151079,8.176470588235293,78.0,106.0,102.0,21.0,0.0,1.0,1.0,0.0
0.0007263531266421,0.011823436678928,11.968553459119496,166.0,332.0,318.0,45.0,0.0,1.0,1.0,0.0
0.0001726051726051,0.0122100122100122,7.621827411167513,94.0,1258.0,1182.0,110.0,0.0,1.0,1.0,0.0
0.0006825121443442,0.0057830210501966,18.714285714285715,178.0,360.0,231.0,25.0,0.0,1.0,1.0,0.0
0.0105085276714236,0.0184476157326836,27.625,1812.0,148.0,104.0,53.0,0.0,1.0,1.0,0.0
0.0103002711903525,0.0082511107264439,36.10625,10711.0,534.0,480.0,143.0,0.0,1.0,1.0,0.0
0.0223032837670384,0.0074349442379182,16.63917525773196,4320.0,230.0,194.0,24.0,0.0,1.0,1.0,0.0
8.38293394061729e-05,0.0025447268084812,15.94799834915394,584.0,8047.0,7269.0,295.0,0.0,1.0,1.0,0.0
0.0013243243243243,0.009009009009009,18.5,177.0,121.0,120.0,20.0,0.0,1.0,0.0,1.0
0.000177832351015,0.0015717092337917,19.18341708542713,163.0,1168.0,796.0,24.0,0.0,1.0,1.0,0.0
0.0004104619403871,0.0076000475002968,12.895865237366005,208.0,671.0,653.0,64.0,0.0,1.0,1.0,0.0
0.0134277829747427,0.0114125350795135,39.3014705882353,8613.0,357.0,272.0,122.0,0.0,1.0,1.0,0.0
0.0203628714173021,0.0070996581646068,17.365296803652967,4647.0,257.0,219.0,27.0,0.0,1.0,1.0,0.0
0.0001172163995067,0.0061138512124948,20.64050901378579,137.0,1260.0,943.0,119.0,0.0,1.0,1.0,0.0
0.0006286427976686,0.0035964427402934,83.57836257309941,5391.0,1919.0,1710.0,514.0,0.0,1.0,1.0,0.0
0.0008409763313609,0.0276134122287968,6.693069306930693,103.0,312.0,303.0,56.0,0.0,1.0,1.0,0.0
0.0001045045045045,0.0108108108108108,4.404761904761905,4.0,133.0,126.0,6.0,0.0,1.0,0.0,1.0
0.0040793968174623,0.0059151878696992,20.48293515358361,5876.0,1249.0,1172.0,142.0,0.0,1.0,1.0,0.0
0.0009452799412796,0.0020796803001264,29.688861985472155,6955.0,4862.0,4130.0,255.0,0.0,1.0,1.0,0.0
0.0149226118500604,0.022974607013301,22.81379310344828,2962.0,166.0,145.0,76.0,0.0,1.0,1.0,0.0
0.0001561476629949,0.0126525751711819,39.751479289940825,63.0,320.0,169.0,85.0,0.0,1.0,1.0,0.0
0.0007286075949367,0.0177215189873417,9.186046511627907,87.0,244.0,215.0,35.0,0.0,1.0,1.0,0.0
0.0008849053134767,0.0063124348838634,53.85148514851485,867.0,618.0,303.0,103.0,0.0,1.0,1.0,0.0
0.0085211795151184,0.022745845818578,77.6931216931217,7508.0,204.0,189.0,334.0,0.0,1.0,1.0,0.0
0.0005288966725043,0.0294220665499124,10.574074074074074,91.0,415.0,270.0,84.0,0.0,1.0,1.0,0.0
0.0024981281737647,0.0079320953334074,102.58174904942966,8088.0,604.0,526.0,428.0,0.0,1.0,1.0,0.0
0.0011710414902624,0.0118543607112616,9.760330578512397,83.0,130.0,121.0,14.0,0.0,1.0,0.0,1.0
0.0047735849056603,0.0234800838574423,50.03496503496503,2050.0,179.0,143.0,168.0,0.0,1.0,1.0,0.0
0.0138261377870563,0.0224634655532359,87.4087591240876,9935.0,154.0,137.0,269.0,0.0,1.0,1.0,0.0
0.0030679652407539,0.0082700138533226,99.25416666666666,8770.0,549.0,480.0,394.0,0.0,1.0,1.0,0.0
0.0107579318448883,0.0109674892283587,14.183333333333334,1648.0,187.0,180.0,28.0,0.0,1.0,1.0,0.0
0.0006565513329551,0.019285309132161,9.08762886597938,70.0,218.0,194.0,34.0,0.0,1.0,1.0,0.0
0.0048497615262321,0.1009538950715421,11.867924528301886,367.0,138.0,106.0,127.0,0.0,1.0,1.0,0.0
0.0240434884538741,0.0089086859688195,41.8186274509804,12307.0,313.0,204.0,76.0,0.0,1.0,1.0,0.0
0.004644739312762,0.0042561181698691,18.7303634232122,4453.0,921.0,853.0,68.0,0.0,1.0,1.0,0.0
0.001000336813742,0.0063994610980127,14.698019801980198,179.0,217.0,202.0,19.0,0.0,1.0,1.0,0.0
0.2723377926421405,0.0367892976588628,2.7685185185185186,4886.0,111.0,108.0,11.0,0.0,1.0,1.0,0.0
0.0015287356321839,0.0229885057471264,6.462857142857143,104.0,183.0,175.0,26.0,0.0,1.0,1.0,0.0
0.0017723952326028,0.008073817762399,17.34,277.0,153.0,150.0,21.0,0.0,1.0,0.0,1.0
0.0009326325140657,0.0091797453360971,11.766550522648084,189.0,293.0,287.0,31.0,0.0,1.0,1.0,0.0
0.0008931685283098,0.0026611576035575,30.31740976645436,6122.0,4615.0,3768.0,304.0,0.0,1.0,1.0,0.0
1.16973618715779e-05,0.0074664011946241,14.936802973977697,3.0,2020.0,269.0,30.0,0.0,1.0,1.0,0.0
0.0025555754670489,0.0069889341875364,32.30246020260492,3423.0,787.0,691.0,156.0,0.0,1.0,1.0,0.0
0.000947155337737,0.0206690816109098,9.696280991735538,267.0,610.0,484.0,97.0,0.0,1.0,1.0,0.0
0.0012205029013539,0.0070921985815602,14.771428571428572,114.0,101.0,105.0,11.0,0.0,1.0,0.0,1.0
0.0178370982315735,0.0149735381437975,69.7927927927928,8292.0,195.0,111.0,116.0,0.0,1.0,1.0,0.0
0.0077895763162559,0.0179046268392129,27.517073170731702,2637.0,257.0,205.0,101.0,0.0,1.0,1.0,0.0
0.000714424951267,0.0068226120857699,19.63636363636364,176.0,326.0,209.0,28.0,0.0,1.0,1.0,0.0
0.000135966216618,0.0026765003271278,18.660377358490567,138.0,1267.0,901.0,45.0,0.0,1.0,1.0,0.0
0.0008616863905325,0.0127218934911242,16.25,175.0,220.0,208.0,43.0,0.0,1.0,1.0,0.0
0.0001262098167991,0.0085551330798479,9.627287853577371,88.0,1413.0,1202.0,99.0,0.0,1.0,1.0,0.0
0.0027445956765412,0.0088070456365092,10.408333333333331,206.0,123.0,120.0,11.0,0.0,1.0,0.0,1.0
0.0027393031233074,0.0074923271348618,33.671732522796354,3642.0,854.0,658.0,166.0,0.0,1.0,1.0,0.0
0.0454033707865168,0.0152808988764044,43.20388349514563,12123.0,162.0,103.0,68.0,0.0,1.0,1.0,0.0
0.0004909766454352,0.012208067940552,12.0,167.0,493.0,471.0,69.0,0.0,1.0,1.0,0.0
0.0147415495224809,0.0100869191973387,40.69432314410481,8243.0,268.0,229.0,94.0,0.0,1.0,1.0,0.0
0.0012559274755927,0.0188284518828451,12.690265486725664,109.0,116.0,113.0,27.0,0.0,1.0,0.0,1.0
0.0008396656223064,0.0018948981406739,31.37626100021464,7365.0,5415.0,4659.0,277.0,0.0,1.0,1.0,0.0
0.0007497303128371,0.0345199568500539,5.867088607594937,42.0,167.0,158.0,32.0,0.0,1.0,1.0,0.0
5.680046598482123e-05,0.0021072107724726,16.102344827586208,398.0,8019.0,7250.0,246.0,0.0,1.0,1.0,0.0
0.0001770213842844,0.0164494495761103,8.130658436213992,84.0,1066.0,972.0,130.0,0.0,1.0,1.0,0.0
0.0224652951355508,0.011920784464526,39.10526315789474,7011.0,138.0,133.0,62.0,0.0,1.0,1.0,0.0
0.000822998046875,0.0166015625,12.962025316455696,102.0,162.0,158.0,34.0,0.0,1.0,0.0,1.0
1.849763140085721e-05,0.0151139183397247,40.3,5.0,228.0,110.0,67.0,0.0,1.0,1.0,0.0
0.0010136186770428,0.0246433203631647,7.671641791044776,94.0,224.0,201.0,38.0,0.0,1.0,1.0,0.0
0.0004110526315789,0.0132330827067669,49.62686567164179,165.0,278.0,134.0,88.0,0.0,1.0,1.0,0.0
0.0271530260269677,0.0148949513954217,39.37037037037037,10391.0,270.0,162.0,95.0,0.0,1.0,1.0,0.0
0.0009204474829086,0.0099440646364201,11.251748251748252,89.0,146.0,143.0,16.0,0.0,1.0,0.0,1.0
0.0008025629887054,0.023892267593397,10.583908045977012,222.0,611.0,435.0,110.0,0.0,1.0,1.0,0.0
0.0006380403458213,0.0265129682997118,9.747191011235955,67.0,235.0,178.0,46.0,0.0,1.0,1.0,0.0
0.0034435123042505,0.023489932885906,7.8766519823788546,370.0,263.0,227.0,42.0,0.0,1.0,1.0,0.0
0.0012031134173461,0.0074128984432913,10.792,98.0,123.0,125.0,10.0,0.0,1.0,0.0,1.0
0.0001774300730985,0.0062828490303872,14.147863247863247,177.0,1271.0,1170.0,104.0,0.0,1.0,1.0,0.0
0.0171677693082122,0.0097080396950956,82.77380952380952,14325.0,171.0,168.0,135.0,0.0,1.0,1.0,0.0
0.0001559416261292,0.013759555246699,39.31693989071038,68.0,313.0,183.0,99.0,0.0,1.0,1.0,0.0
1.4305750350631136e-05,0.0134642356241234,11.537216828478964,4.0,1562.0,309.0,48.0,0.0,1.0,1.0,0.0
0.0002152211874272,0.0183352735739231,7.756207674943567,89.0,951.0,886.0,126.0,0.0,1.0,1.0,0.0
0.000196659850034,0.0186321290615769,9.32415254237288,104.0,1179.0,944.0,164.0,0.0,1.0,1.0,0.0
0.00164038616251,0.0233306516492357,7.022598870056497,123.0,187.0,177.0,29.0,0.0,1.0,1.0,0.0
0.0074655529142454,0.0064712097200211,37.67164179104478,10176.0,692.0,603.0,147.0,0.0,1.0,1.0,0.0
4.753199268738575e-06,0.0125228519195612,9.147157190635452,4.0,3676.0,1196.0,137.0,0.0,1.0,1.0,0.0
0.0128941831683168,0.010674504950495,24.76628352490421,5001.0,282.0,261.0,69.0,0.0,1.0,1.0,0.0
0.0007907949790794,0.0125523012552301,11.38095238095238,91.0,172.0,168.0,24.0,0.0,1.0,0.0,1.0
0.000624053030303,0.0113636363636363,11.668508287292818,80.0,187.0,181.0,24.0,0.0,1.0,0.0,1.0
1.3589897775105232e-05,0.010222489476849,46.9774011299435,7.0,361.0,177.0,85.0,0.0,1.0,1.0,0.0
9.210268469527728e-06,0.012933568489124,9.5561797752809,3.0,2459.0,534.0,66.0,0.0,1.0,1.0,0.0
0.0021010818120351,0.0060851926977687,13.445454545454544,187.0,108.0,110.0,9.0,0.0,1.0,0.0,1.0
0.0012105100781571,0.0187165775401069,11.35981308411215,354.0,586.0,428.0,91.0,0.0,1.0,1.0,0.0
1.6625615763546798e-05,0.0277093596059113,13.533333333333331,2.0,1047.0,120.0,45.0,0.0,1.0,1.0,0.0
0.0001344364012409,0.0113753877973112,34.186868686868685,55.0,350.0,198.0,77.0,0.0,1.0,1.0,0.0
0.0057685979971387,0.0115343347639484,27.014492753623188,3871.0,475.0,414.0,129.0,0.0,1.0,1.0,0.0
0.0018238993710691,0.0125786163522012,8.91588785046729,105.0,106.0,107.0,12.0,0.0,1.0,0.0,1.0
0.2568981818181818,0.0181818181818181,2.66990291262136,4239.0,105.0,103.0,5.0,0.0,1.0,1.0,0.0
0.0013731751824817,0.0310218978102189,6.298850574712644,91.0,183.0,174.0,34.0,0.0,1.0,1.0,0.0
0.0045325624468138,0.0062071382089402,32.22096774193548,5433.0,715.0,620.0,124.0,0.0,1.0,1.0,0.0
0.0121344558725945,0.0101194426011944,18.266666666666666,4389.0,391.0,330.0,61.0,0.0,1.0,1.0,0.0
0.0033107572115384,0.0198317307692307,47.27272727272727,1653.0,215.0,176.0,165.0,0.0,1.0,1.0,0.0
0.0022775384615384,0.008,11.607142857142858,223.0,136.0,140.0,13.0,0.0,1.0,0.0,1.0
0.0242528963573739,0.0142991337021187,49.64248704663213,13943.0,230.0,193.0,137.0,0.0,1.0,1.0,0.0
0.0107882566311494,0.0131489458172749,17.298039215686273,2856.0,272.0,255.0,58.0,0.0,1.0,1.0,0.0
0.0003953656770456,0.0282404055032585,7.6722222222222225,33.0,248.0,180.0,39.0,0.0,1.0,1.0,0.0
0.0039074944862885,0.0058674212475552,20.26222596964587,5635.0,1288.0,1186.0,141.0,0.0,1.0,1.0,0.0
0.0004783923172683,0.0115596656589009,11.59381443298969,162.0,498.0,485.0,65.0,0.0,1.0,1.0,0.0
5.389604457842331e-06,0.0128802411619621,6.578725961538462,4.0,3396.0,1664.0,141.0,0.0,1.0,1.0,0.0
0.0081621273463378,0.0095693779904306,71.81497797356828,7984.0,237.0,227.0,156.0,0.0,1.0,1.0,0.0
0.0013959633027522,0.0245871559633027,8.5423197492163,229.0,379.0,319.0,67.0,0.0,1.0,1.0,0.0
0.0008046781883194,0.0053635280095351,14.655021834061136,163.0,240.0,229.0,18.0,0.0,1.0,1.0,0.0
0.0006318082788671,0.007328183798772,20.035714285714285,192.0,258.0,252.0,37.0,0.0,1.0,1.0,0.0
0.0006040675547098,0.0085632730732635,20.81188118811881,153.0,254.0,202.0,36.0,0.0,1.0,1.0,0.0
0.0007557018575123,0.0096402539383964,20.06132075471698,193.0,271.0,212.0,41.0,0.0,1.0,1.0,0.0
0.0001310548977395,0.0103606027987082,37.535353535353536,59.0,362.0,198.0,77.0,0.0,1.0,1.0,0.0
8.447219887114208e-05,0.0024378527681037,15.270493306436824,423.0,5880.0,5453.0,203.0,0.0,1.0,1.0,0.0
0.0127689417989418,0.0096825396825396,90.43062200956938,14480.0,222.0,209.0,183.0,0.0,1.0,1.0,0.0
8.999581414817915e-06,0.0058601925491837,17.566176470588236,3.0,2712.0,272.0,28.0,0.0,1.0,1.0,0.0
7.21398403058236e-05,0.0021888584024416,17.078846913255234,562.0,8434.0,7597.0,284.0,0.0,1.0,1.0,0.0
0.0122722692924204,0.0087016258300893,34.1171875,9647.0,416.0,384.0,114.0,0.0,1.0,1.0,0.0
0.001611475409836,0.0131147540983606,10.59027777777778,148.0,148.0,144.0,20.0,0.0,1.0,0.0,1.0
0.0008096836049856,0.0210930009587727,5.96,51.0,194.0,175.0,22.0,0.0,1.0,1.0,0.0
0.0009322974472807,0.0194228634850166,11.123456790123456,101.0,169.0,162.0,35.0,0.0,1.0,0.0,1.0
0.000143708399366,0.0025356576862123,17.76463963963964,137.0,1175.0,888.0,40.0,0.0,1.0,1.0,0.0
0.0005854347826086,0.0139130434782608,20.26431718061674,162.0,236.0,227.0,64.0,0.0,1.0,1.0,0.0
0.0009952483801295,0.0133909287257019,15.641891891891891,139.0,149.0,148.0,31.0,0.0,1.0,0.0,1.0
8.933773548261798e-06,0.0132064478539522,11.46770601336303,3.0,2378.0,449.0,68.0,0.0,1.0,1.0,0.0
0.0001347082626288,0.0172301266153243,37.55392156862745,62.0,347.0,204.0,132.0,0.0,1.0,1.0,0.0
0.0014243079584775,0.0077854671280276,11.223300970873789,99.0,101.0,103.0,9.0,0.0,1.0,0.0,1.0
0.0016817036290322,0.0100806451612903,17.873873873873872,201.0,108.0,111.0,20.0,0.0,1.0,0.0,1.0
9.16030534351145e-05,0.0114503816793893,4.330578512396694,3.0,127.0,121.0,6.0,0.0,1.0,0.0,1.0
0.0015319080012957,0.0077745383867832,22.532846715328468,284.0,154.0,137.0,24.0,0.0,1.0,0.0,1.0
0.0068769438810006,0.0304259634888438,10.564285714285717,611.0,161.0,140.0,45.0,0.0,1.0,1.0,0.0
0.0006483253588516,0.0318979266347687,6.2388059701492535,49.0,227.0,201.0,40.0,0.0,1.0,1.0,0.0
0.0156673283878382,0.0086720300908995,41.9780701754386,8998.0,379.0,228.0,83.0,0.0,1.0,1.0,0.0
0.0010659203980099,0.0105721393034825,10.93877551020408,103.0,150.0,147.0,17.0,0.0,1.0,0.0,1.0
0.0002609342337996,0.0073966875703489,13.789356984478935,195.0,962.0,902.0,92.0,0.0,1.0,1.0,0.0
0.0001048346055979,0.0040712468193384,23.11764705882353,136.0,1264.0,935.0,88.0,0.0,1.0,1.0,0.0
0.0044609634551495,0.0490033222591362,10.379310344827584,323.0,137.0,116.0,59.0,0.0,1.0,1.0,0.0
0.0206804910418049,0.0122760451227604,15.377551020408164,3740.0,200.0,196.0,37.0,0.0,1.0,1.0,0.0
0.0004584043641322,0.0148312308216842,11.874493927125506,162.0,564.0,494.0,87.0,0.0,1.0,1.0,0.0
0.0009049122266707,0.0080073914382506,46.220640569395016,706.0,569.0,281.0,104.0,0.0,1.0,1.0,0.0
0.0064535881011833,0.0020627510585169,60.20261437908497,3567.0,153.0,153.0,19.0,0.0,1.0,0.0,1.0
9.15157292659676e-06,0.0133460438512869,12.00228832951945,3.0,2437.0,437.0,70.0,0.0,1.0,1.0,0.0
0.0085717415115005,0.0062066447608616,24.238938053097343,1409.0,165.0,113.0,17.0,0.0,1.0,1.0,0.0
0.0305434027777777,0.0190972222222222,79.26605504587155,15834.0,113.0,109.0,165.0,0.0,1.0,1.0,0.0
0.0007321248741188,0.0221550855991943,6.848275862068966,88.0,305.0,290.0,44.0,0.0,1.0,1.0,0.0
0.0009740273525209,0.002212696468667,28.871994342291373,7158.0,4906.0,4242.0,271.0,0.0,1.0,1.0,0.0
0.0203694570625135,0.0121133463119186,29.07547169811321,5651.0,178.0,159.0,56.0,0.0,1.0,1.0,0.0
0.0113307174887892,0.0283071748878923,21.23809523809524,2426.0,195.0,168.0,101.0,0.0,1.0,1.0,0.0
0.0006841919548341,0.0169371912491178,8.801242236024844,59.0,188.0,161.0,24.0,0.0,1.0,1.0,0.0
0.0007233532934131,0.018562874251497,9.382022471910112,73.0,199.0,178.0,31.0,0.0,1.0,1.0,0.0
0.0019062776304155,0.0123784261715296,15.493150684931509,259.0,148.0,146.0,28.0,0.0,1.0,0.0,1.0
0.0002380456547857,0.0051261513816579,13.6448087431694,179.0,969.0,915.0,64.0,0.0,1.0,1.0,0.0
0.006490720311486,0.0273848150551589,58.81679389312977,3001.0,155.0,131.0,211.0,0.0,1.0,1.0,0.0
2.0128824476650564e-05,0.0124798711755233,55.2,9.0,277.0,135.0,93.0,0.0,1.0,1.0,0.0
0.0001467492481741,0.0022196763568666,19.50558659217877,123.0,998.0,716.0,31.0,0.0,1.0,1.0,0.0
0.0016852189781021,0.0269160583941605,15.117241379310345,222.0,153.0,145.0,59.0,0.0,1.0,0.0,1.0
0.0020440484196368,0.0067249495628782,14.57843137254902,183.0,98.0,102.0,10.0,0.0,1.0,0.0,1.0
6.526161473904414e-05,0.0022978281817507,16.72207684891888,476.0,7984.0,7261.0,279.0,0.0,1.0,1.0,0.0
0.0227561606327958,0.0103437785214481,16.435,4488.0,238.0,200.0,34.0,0.0,1.0,1.0,0.0
0.0156224233983286,0.0153203342618384,17.095238095238095,3366.0,228.0,210.0,55.0,0.0,1.0,1.0,0.0
0.0016348408710217,0.0100502512562814,11.055555555555555,118.0,111.0,108.0,12.0,0.0,1.0,0.0,1.0
0.0023061844017439,0.0058130146940093,26.856027753686035,4285.0,1287.0,1153.0,180.0,0.0,1.0,1.0,0.0
0.0003380997400141,0.0122902387142519,7.159052453468697,86.0,628.0,591.0,52.0,0.0,1.0,1.0,0.0
0.0018492063492063,0.0205761316872428,12.886363636363637,189.0,136.0,132.0,35.0,0.0,1.0,0.0,1.0
0.0003450686641697,0.0142322097378277,6.522801302931596,83.0,638.0,614.0,57.0,0.0,1.0,1.0,0.0
0.0001578709458695,0.0136738614532715,8.411596958174904,84.0,1176.0,1052.0,121.0,0.0,1.0,1.0,0.0
0.0041643537869921,0.0250794181574987,46.7265625,1495.0,152.0,128.0,150.0,0.0,1.0,1.0,0.0
0.0299823828550672,0.0156193243734108,17.53503184713376,4953.0,164.0,157.0,43.0,0.0,1.0,1.0,0.0
0.004096383734307,0.0064522582904016,19.5244140625,4914.0,1090.0,1024.0,129.0,0.0,1.0,1.0,0.0
0.0010475375724823,0.0026527553153721,31.355596784168213,6374.0,3765.0,3234.0,269.0,0.0,1.0,1.0,0.0
0.0042859179159498,0.0048660604571147,20.284147557328016,5232.0,1078.0,1003.0,99.0,0.0,1.0,1.0,0.0
0.0075835049311802,0.0128969329142733,29.57371794871795,4199.0,366.0,312.0,119.0,0.0,1.0,1.0,0.0
0.0009786140452173,0.0052983731277383,83.56575212866603,5187.0,1166.0,1057.0,468.0,0.0,1.0,1.0,0.0
0.0083157043132541,0.0082289307013083,83.84108527131782,10793.0,273.0,258.0,178.0,0.0,1.0,1.0,0.0
0.0001167995444191,0.0022779043280182,18.70074547390841,124.0,1275.0,939.0,40.0,0.0,1.0,1.0,0.0
0.0006820964039785,0.0328997704667176,5.914027149321267,54.0,245.0,221.0,43.0,0.0,1.0,1.0,0.0
0.0006525374855824,0.0259515570934256,9.527472527472527,68.0,204.0,182.0,45.0,0.0,1.0,1.0,0.0
0.011379407616361,0.0209802538787023,24.55411255411256,3873.0,257.0,231.0,119.0,0.0,1.0,1.0,0.0
0.0008313206577595,0.0064234326824254,17.221238938053098,195.0,281.0,226.0,25.0,0.0,1.0,1.0,0.0
0.0105704735689006,0.0065726644570529,35.1798418972332,11290.0,564.0,506.0,117.0,0.0,1.0,1.0,0.0
0.000952355646595,0.0068408440905928,68.54039735099337,2957.0,833.0,755.0,354.0,0.0,1.0,1.0,0.0
1.1352169525731585e-05,0.0127396569122098,46.36257309941521,6.0,348.0,171.0,101.0,0.0,1.0,1.0,0.0
0.0008593852190974,0.0327011118378024,6.95,79.0,255.0,220.0,50.0,0.0,1.0,1.0,0.0
0.0009022988505747,0.0249042145593869,5.22,57.0,210.0,200.0,26.0,0.0,1.0,1.0,0.0
0.0009839506172839,0.0222222222222222,5.5479452054794525,48.0,161.0,146.0,18.0,0.0,1.0,1.0,0.0
0.0007364682002706,0.03382949932341,7.038095238095238,66.0,256.0,210.0,50.0,0.0,1.0,1.0,0.0
0.0033458302749703,0.0068319123708429,24.875,3556.0,806.0,712.0,121.0,0.0,1.0,1.0,0.0
0.0008411642411642,0.0195426195426195,16.818181818181817,122.0,149.0,143.0,47.0,0.0,1.0,0.0,1.0
0.0008952536824877,0.0237315875613747,8.092715231788079,66.0,173.0,151.0,29.0,0.0,1.0,1.0,0.0
0.0014974396488661,0.0073152889539136,13.14423076923077,123.0,101.0,104.0,10.0,0.0,1.0,0.0,1.0
0.0017994296577946,0.0106463878326996,14.61111111111111,284.0,189.0,180.0,28.0,0.0,1.0,0.0,1.0
7.57015321608081e-05,0.0023148335505176,16.660059331175837,562.0,8189.0,7416.0,286.0,0.0,1.0,1.0,0.0
0.0005332043842682,0.0087040618955512,14.229357798165138,100.0,223.0,218.0,27.0,0.0,1.0,0.0,1.0
0.0027582061950993,0.0161812297734627,14.137254901960784,358.0,156.0,153.0,35.0,0.0,1.0,0.0,1.0
0.0154956787900612,0.0102628736046092,18.45182724252492,5164.0,341.0,301.0,57.0,0.0,1.0,1.0,0.0
0.0011132930513595,0.0166163141993957,6.186915887850467,45.0,132.0,107.0,11.0,0.0,1.0,1.0,0.0
0.0105157874470542,0.0136696187909125,18.09756097560976,3278.0,319.0,287.0,71.0,0.0,1.0,1.0,0.0
0.0003348193336461,0.0227592679493195,7.2482993197278915,86.0,609.0,588.0,97.0,0.0,1.0,1.0,0.0
0.0001971363715732,0.0206041557534485,39.22602739726028,68.0,272.0,146.0,118.0,0.0,1.0,1.0,0.0
0.0001773648648648,0.0070945945945945,9.652173913043478,95.0,1094.0,920.0,63.0,0.0,1.0,1.0,0.0
1.02757409893628e-05,0.0091913663120933,47.234146341463415,6.0,418.0,205.0,89.0,0.0,1.0,1.0,0.0
0.0039503320890095,0.0058176176855577,19.187906976744188,4890.0,1143.0,1075.0,120.0,0.0,1.0,1.0,0.0
0.0003133878385283,0.0072560040878896,12.960264900662253,184.0,801.0,755.0,71.0,0.0,1.0,1.0,0.0
0.0003444444444444,0.0111111111111111,8.949343339587243,99.0,616.0,533.0,53.0,0.0,1.0,1.0,0.0
0.0016871663041328,0.0257069408740359,45.55855855855856,512.0,174.0,111.0,130.0,0.0,1.0,1.0,0.0
8.605549701440113e-06,0.0115911485774499,9.125,3.0,2544.0,624.0,66.0,0.0,1.0,1.0,0.0
6.58922914466737e-05,0.002463921154523,16.542172683413742,394.0,6842.0,6011.0,245.0,0.0,1.0,1.0,0.0
0.0001236326555837,0.0041406587973549,23.553129548762737,121.0,1043.0,687.0,67.0,0.0,1.0,1.0,0.0
0.0169513350559862,0.0314384151593453,19.51260504201681,2362.0,131.0,119.0,73.0,0.0,1.0,1.0,0.0
0.0007070787110406,0.0060750132065504,17.447004608294932,161.0,307.0,217.0,23.0,0.0,1.0,1.0,0.0
0.0142368253968253,0.0114285714285714,17.96577946768061,4037.0,307.0,263.0,54.0,0.0,1.0,1.0,0.0
0.0167553138075313,0.0111297071129707,82.98611111111111,12014.0,150.0,144.0,133.0,0.0,1.0,1.0,0.0
0.0004536821059646,0.0256581139620126,6.898850574712644,82.0,452.0,435.0,77.0,0.0,1.0,1.0,0.0
0.0295146608315098,0.0264770240700218,41.17117117117117,8093.0,181.0,111.0,121.0,0.0,1.0,1.0,0.0
0.0004741499767116,0.0078015836050302,31.573529411764707,245.0,333.0,272.0,67.0,0.0,1.0,1.0,0.0
0.0001437867601051,0.0048804905518708,13.281440443213295,207.0,1908.0,1805.0,117.0,0.0,1.0,1.0,0.0
0.0251910558348769,0.0093940195818999,43.4367816091954,11424.0,302.0,174.0,71.0,0.0,1.0,1.0,0.0
0.0082378802132329,0.0077767325180307,91.90201729106629,15763.0,370.0,347.0,248.0,0.0,1.0,1.0,0.0
0.0008122137266923,0.0040664334403289,85.64324324324325,5405.0,1460.0,1295.0,451.0,0.0,1.0,1.0,0.0
1.3448090371167297e-05,0.0083378160301237,10.04864864864865,3.0,1630.0,370.0,31.0,0.0,1.0,1.0,0.0
0.0274987955221765,0.0097775258608473,44.10625,11644.0,272.0,160.0,69.0,0.0,1.0,1.0,0.0
0.0030203767078554,0.0059040204812037,38.24075924075924,6938.0,1183.0,1001.0,226.0,0.0,1.0,1.0,0.0
0.2122073732718894,0.0345622119815668,2.9931034482758623,5526.0,150.0,145.0,15.0,0.0,1.0,1.0,0.0
0.0008508601553829,0.008046614872364,15.20675105485232,184.0,239.0,237.0,29.0,0.0,1.0,1.0,0.0
0.0009929742388758,0.0140515222482435,10.330645161290322,77.0,123.0,124.0,18.0,0.0,1.0,0.0,1.0
0.0008653463799812,0.0021373590479166,30.201158052755737,7312.0,5471.0,4663.0,301.0,0.0,1.0,1.0,0.0
0.0006502472422974,0.0116013693419551,12.143187066974596,206.0,446.0,433.0,61.0,0.0,1.0,1.0,0.0
0.0013688204683434,0.0138768430182133,17.208955223880597,190.0,137.0,134.0,32.0,0.0,1.0,0.0,1.0
0.0007114731839782,0.0271554650373387,12.921052631578949,63.0,117.0,114.0,40.0,0.0,1.0,0.0,1.0
0.0019690376569037,0.009205020920502,10.482456140350877,142.0,115.0,114.0,11.0,0.0,1.0,0.0,1.0
0.0063009160305343,0.0130279898218829,27.75423728813559,3715.0,414.0,354.0,128.0,0.0,1.0,1.0,0.0
0.0002763602251407,0.0150093808630394,6.57213316892725,89.0,836.0,811.0,80.0,0.0,1.0,1.0,0.0
0.001636287625418,0.011705685618729,9.723577235772357,118.0,123.0,123.0,14.0,0.0,1.0,0.0,1.0
9.687034277198212e-05,0.0028860028860028,13.869094488188976,246.0,3259.0,3048.0,122.0,0.0,1.0,1.0,0.0
0.0010319672131147,0.0090163934426229,7.973856209150327,76.0,161.0,153.0,11.0,0.0,1.0,1.0,0.0
0.0001038668654355,0.0044722991268368,14.235166738847989,205.0,2473.0,2309.0,147.0,0.0,1.0,1.0,0.0
0.0010012066365007,0.0066365007541478,14.932432432432432,200.0,235.0,222.0,22.0,0.0,1.0,1.0,0.0
0.0028700956149027,0.0362677217276623,27.324324324324323,523.0,145.0,111.0,110.0,0.0,1.0,1.0,0.0
0.0007985063310334,0.0043786488740617,79.39202407825432,5056.0,1471.0,1329.0,462.0,0.0,1.0,1.0,0.0
0.0139970108918188,0.0091720579805093,39.39032258064516,10256.0,365.0,310.0,112.0,0.0,1.0,1.0,0.0
0.0066076408254322,0.0114333519241494,30.64957264957265,1422.0,194.0,117.0,41.0,0.0,1.0,1.0,0.0
5.006739842095128e-06,0.0175235894473329,36.31468531468531,2.0,3136.0,143.0,91.0,0.0,1.0,1.0,0.0
6.3254744105807935e-06,0.0140885566417481,10.97160883280757,3.0,3316.0,634.0,98.0,0.0,1.0,1.0,0.0
7.835574260159472e-05,0.0023678243626536,16.321043288269834,562.0,8034.0,7323.0,283.0,0.0,1.0,1.0,0.0
0.000140921409214,0.013550135501355,3.236842105263158,4.0,116.0,114.0,5.0,0.0,1.0,0.0,1.0
2.395209580838324e-05,0.0209580838323353,3.2427184466019416,1.0,105.0,103.0,7.0,0.0,1.0,0.0,1.0
0.0004983635822671,0.0120499851234751,22.63299663299664,201.0,349.0,297.0,81.0,0.0,1.0,1.0,0.0
0.0168260013131976,0.0111621799080761,18.276,4613.0,303.0,250.0,51.0,0.0,1.0,1.0,0.0
0.0006547140934909,0.004570806413509,74.77496159754224,3825.0,1449.0,1302.0,445.0,0.0,1.0,1.0,0.0
0.0001470276383685,0.0020499045734077,19.432692307692307,125.0,1080.0,728.0,29.0,0.0,1.0,1.0,0.0
0.0007679856115107,0.0188848920863309,11.956989247311828,103.0,193.0,186.0,42.0,0.0,1.0,0.0,1.0
0.0013443054641211,0.010533245556287,12.450819672131148,123.0,123.0,122.0,16.0,0.0,1.0,0.0,1.0
0.0208983392048314,0.0269250125817815,36.127272727272725,4983.0,171.0,110.0,107.0,0.0,1.0,1.0,0.0
0.0025206725809779,0.0041881576232721,30.52267002518892,7331.0,1822.0,1588.0,203.0,0.0,1.0,1.0,0.0
0.0010209334286185,0.0028255730855917,28.65626969124133,5572.0,3711.0,3174.0,257.0,0.0,1.0,1.0,0.0
0.0011830732292917,0.0204081632653061,7.371681415929204,60.0,152.0,113.0,17.0,0.0,1.0,1.0,0.0
0.0014359073359073,0.0115830115830115,12.696078431372548,112.0,104.0,102.0,15.0,0.0,1.0,0.0,1.0
0.0111541253326881,0.020082264698766,22.961111111111112,2766.0,205.0,180.0,83.0,0.0,1.0,1.0,0.0
0.0011470083073363,0.0023251194690782,30.04106704106704,5891.0,3312.0,2849.0,199.0,0.0,1.0,1.0,0.0
0.0013836424957841,0.0084317032040472,10.136752136752136,99.0,122.0,117.0,10.0,0.0,1.0,0.0,1.0
0.0011629292221443,0.028030833917309,11.062015503875967,100.0,146.0,129.0,40.0,0.0,1.0,0.0,1.0
0.0006518804243008,0.0125361620057859,19.942307692307693,163.0,211.0,208.0,52.0,0.0,1.0,1.0,0.0
0.0001325283989426,0.0018575409016217,17.452618453865338,112.0,1066.0,802.0,26.0,0.0,1.0,1.0,0.0
9.519876097057305e-05,0.0040784718637067,14.99806426635695,222.0,2814.0,2583.0,158.0,0.0,1.0,1.0,0.0
9.12280701754386e-06,0.0168421052631578,23.17073170731708,2.0,1974.0,123.0,48.0,0.0,1.0,1.0,0.0
0.001391382405745,0.0332136445242369,6.365714285714286,93.0,182.0,175.0,37.0,0.0,1.0,1.0,0.0
0.0099356243412658,0.0070449880734453,36.27162977867203,10747.0,565.0,497.0,127.0,0.0,1.0,1.0,0.0
0.0001560047878707,0.0015959569091634,18.139927623642944,141.0,1151.0,829.0,24.0,0.0,1.0,1.0,0.0
7.273744579661491e-06,0.0167855644146034,7.302349336057201,4.0,2407.0,979.0,120.0,0.0,1.0,1.0,0.0
0.0007626666666666,0.0866666666666666,4.901960784313726,35.0,170.0,153.0,65.0,0.0,1.0,1.0,0.0
0.003036831132731,0.0152883947185545,13.836538461538462,263.0,105.0,104.0,22.0,0.0,1.0,0.0,1.0
3.231435403606282e-06,0.0109868803722613,8.278758694489031,3.0,6065.0,1869.0,170.0,0.0,1.0,1.0,0.0
0.0030127188316084,0.0176032498307379,51.695,1869.0,243.0,200.0,182.0,0.0,1.0,1.0,0.0
5.021316911416391e-06,0.0143060161061108,9.71915285451197,4.0,3558.0,1086.0,151.0,0.0,1.0,1.0,0.0
0.0014914648953646,0.0063138347260909,93.21571238348868,6265.0,861.0,751.0,442.0,0.0,1.0,1.0,0.0
0.0005649477806788,0.0052219321148825,13.321739130434782,52.0,115.0,115.0,8.0,0.0,1.0,0.0,1.0
0.0001236559139784,0.0038020554862472,18.57947019867549,125.0,1213.0,906.0,64.0,0.0,1.0,1.0,0.0
0.2646054421768707,0.010204081632653,2.7735849056603774,4668.0,109.0,106.0,3.0,0.0,1.0,1.0,0.0
2.6442307692307694e-05,0.0144230769230769,2.019417475728156,1.0,104.0,103.0,3.0,0.0,1.0,0.0,1.0
7.661290322580645e-05,0.0080645161290322,2.016260162601626,2.0,123.0,123.0,2.0,0.0,1.0,0.0,1.0
0.0100319640252795,0.0280748663101604,76.18518518518519,4953.0,119.0,108.0,231.0,0.0,1.0,1.0,0.0
0.0001841092489137,0.0116697703289882,8.095477386934673,89.0,1123.0,995.0,94.0,0.0,1.0,1.0,0.0
0.0012307823129251,0.0078231292517006,14.923857868020304,218.0,208.0,197.0,23.0,0.0,1.0,1.0,0.0
0.0005292713967546,0.0109767737830098,24.944444444444443,200.0,266.0,252.0,69.0,0.0,1.0,1.0,0.0
1.077414205905826e-05,0.0534716679968076,16.706666666666667,2.0,1087.0,150.0,134.0,0.0,1.0,1.0,0.0
0.0008413533834586,0.0180451127819548,6.157407407407407,68.0,246.0,216.0,24.0,0.0,1.0,1.0,0.0
0.0001389806512505,0.0055772448410485,14.414965986394558,195.0,1733.0,1617.0,130.0,0.0,1.0,1.0,0.0
0.0008493265993265,0.020763187429854,9.684782608695652,91.0,192.0,184.0,37.0,0.0,1.0,0.0,1.0
0.0001148813484142,0.0026613439787092,19.248665955176094,125.0,1303.0,937.0,48.0,0.0,1.0,1.0,0.0
0.2349673590504451,0.0148367952522255,2.612403100775194,4752.0,130.0,129.0,5.0,0.0,1.0,1.0,0.0
0.0009108409321175,0.0273556231003039,7.833333333333333,54.0,133.0,126.0,27.0,0.0,1.0,1.0,0.0
0.0047389937106918,0.0052830188679245,18.40277777777778,4521.0,915.0,864.0,84.0,0.0,1.0,1.0,0.0
0.0094422629435718,0.0094046926507659,79.03448275862068,11687.0,274.0,261.0,194.0,0.0,1.0,1.0,0.0
0.0002506532288167,0.0068122433743934,21.91411042944785,162.0,583.0,489.0,73.0,0.0,1.0,1.0,0.0
0.0010539198924667,0.0028062397566353,27.59876342336479,5364.0,3575.0,3073.0,238.0,0.0,1.0,1.0,0.0
0.0001202873918417,0.0088844252163164,10.380112269446672,94.0,1547.0,1247.0,115.0,0.0,1.0,1.0,0.0
0.0011100702576112,0.0070257611241217,10.330645161290322,86.0,127.0,124.0,9.0,0.0,1.0,0.0,1.0
0.0010058458165875,0.0142491779320423,16.487951807228917,166.0,170.0,166.0,39.0,0.0,1.0,0.0,1.0
0.0001344537815126,0.0071542130365659,38.28695652173913,72.0,421.0,230.0,63.0,0.0,1.0,1.0,0.0
0.0041839410904322,0.0075654410652141,20.93664202745512,4978.0,1031.0,947.0,150.0,0.0,1.0,1.0,0.0
0.000902489626556,0.0262793914246196,9.009345794392525,157.0,438.0,321.0,76.0,0.0,1.0,1.0,0.0
0.0008394557823129,0.0210884353741496,8.855421686746988,75.0,185.0,166.0,31.0,0.0,1.0,1.0,0.0
0.000682808716707,0.0108958837772397,6.770491803278689,34.0,127.0,122.0,9.0,0.0,1.0,0.0,1.0
0.0011022612217347,0.0057374282821464,14.668316831683168,196.0,214.0,202.0,17.0,0.0,1.0,1.0,0.0
0.0105028357235984,0.016818774445893,100.26143790849672,9667.0,170.0,153.0,258.0,0.0,1.0,1.0,0.0
0.0001487076811066,0.0176556243174372,9.723893805309734,99.0,1420.0,1130.0,194.0,0.0,1.0,1.0,0.0
6.2004822597313125e-06,0.0177976805603398,10.355529131985731,4.0,2307.0,841.0,155.0,0.0,1.0,1.0,0.0
0.0009986577181208,0.023489932885906,7.095238095238095,90.0,243.0,210.0,35.0,0.0,1.0,1.0,0.0
0.0331158250422376,0.0129528815468368,36.99305555555556,10585.0,236.0,144.0,69.0,0.0,1.0,1.0,0.0
0.0122551963048498,0.0214780600461893,23.405405405405407,3184.0,204.0,185.0,93.0,0.0,1.0,1.0,0.0
0.000673168292073,0.0100025006251562,11.046961325966851,162.0,364.0,362.0,40.0,0.0,1.0,1.0,0.0
0.0003414601383571,0.0082611323796091,48.34090909090909,306.0,638.0,308.0,123.0,0.0,1.0,1.0,0.0
0.0002363636363636,0.0181818181818181,2.156862745098039,4.0,106.0,102.0,4.0,0.0,1.0,0.0,1.0
0.0006374363720499,0.0120314669134659,16.559386973180075,166.0,275.0,261.0,52.0,0.0,1.0,1.0,0.0
0.006715909090909,0.05506993006993,9.694915254237287,461.0,174.0,118.0,63.0,0.0,1.0,0.0,1.0
8.81316098707403e-06,0.0101840971406188,16.74098360655738,3.0,2745.0,305.0,52.0,0.0,1.0,1.0,0.0
0.0073070444104134,0.0267993874425727,51.21568627450981,2291.0,127.0,102.0,140.0,0.0,1.0,1.0,0.0
0.0006214092140921,0.0065040650406504,10.25,69.0,183.0,180.0,12.0,0.0,1.0,0.0,1.0
0.0001365806223479,0.0093705799151343,34.27878787878788,47.0,282.0,165.0,53.0,0.0,1.0,1.0,0.0
0.0008115702479338,0.0264462809917355,9.37984496124031,59.0,154.0,129.0,32.0,0.0,1.0,1.0,0.0
0.00725,0.5,2.0,1.0,2.0,1.0,1.0,1.0,0.0,1.0,0.0
0.1149047619047619,0.238095238095238,63.0,435.0,3.0,1.0,15.0,1.0,0.0,1.0,0.0
0.0035294117647058,0.2352941176470588,17.0,4.0,17.0,1.0,4.0,1.0,0.0,1.0,0.0
0.0109593495934959,0.1869918699186991,123.0,81.0,39.0,1.0,23.0,0.0,1.0,1.0,0.0
0.0918270762229806,0.0318543799772468,879.0,4843.0,3.0,1.0,28.0,1.0,0.0,1.0,0.0
21.208,0.5945945945945946,37.0,47082.0,2.0,1.0,22.0,0.0,1.0,1.0,0.0
0.0013658340048348,0.0265914585012087,1241.0,102.0,64.0,1.0,33.0,0.0,1.0,1.0,0.0
0.0996666666666666,1.0,3.0,18.0,3.0,1.0,3.0,0.0,1.0,1.0,0.0
3.4990290697674418,0.313953488372093,172.0,36110.0,2.0,1.0,54.0,0.0,1.0,1.0,0.0
0.2348611111111111,0.1666666666666666,18.0,254.0,10.0,1.0,3.0,0.0,1.0,1.0,0.0
0.003625,0.25,4.0,1.0,4.0,1.0,1.0,1.0,0.0,1.0,0.0
0.037625,0.5833333333333334,12.0,28.0,2.0,1.0,7.0,0.0,1.0,1.0,0.0
0.005,0.6,5.0,2.0,5.0,1.0,3.0,1.0,0.0,1.0,0.0
0.01075,1.0,2.0,2.0,2.0,1.0,2.0,0.0,1.0,1.0,0.0
0.0025684252914706003,0.01788088484817785,0.0,3.0,2.0,1.0,0.0,1.0,0.0,1.0,0.0
1.2718333333333331,1.0,3.0,229.0,2.0,1.0,3.0,1.0,0.0,1.0,0.0
0.4746666666666667,1.0,3.0,86.0,2.0,1.0,3.0,0.0,1.0,1.0,0.0
0.00062,0.34,50.0,2.0,20.0,1.0,17.0,0.0,1.0,1.0,0.0
2.09685,0.2333333333333333,180.0,22646.0,2.0,1.0,42.0,0.0,1.0,1.0,0.0
2.9852580645161293,0.3225806451612903,31.0,5553.0,4.0,1.0,10.0,0.0,1.0,1.0,0.0
0.2256904761904762,0.3333333333333333,42.0,569.0,2.0,1.0,14.0,1.0,0.0,1.0,0.0
1.1560714285714286,0.5,42.0,2914.0,2.0,1.0,21.0,0.0,1.0,1.0,0.0
0.0013125,0.5,8.0,1.0,6.0,1.0,4.0,0.0,1.0,1.0,0.0
1.1086518987341771,0.2911392405063291,79.0,5256.0,2.0,1.0,23.0,0.0,1.0,1.0,0.0
0.086,1.0,2.0,11.0,2.0,1.0,2.0,1.0,0.0,1.0,0.0
0.2191356673960612,0.1291028446389496,457.0,6009.0,4.0,1.0,59.0,0.0,1.0,1.0,0.0
9.598933823529412,0.3529411764705882,68.0,39164.0,2.0,1.0,24.0,0.0,1.0,1.0,0.0
0.0881,0.7,10.0,53.0,2.0,1.0,7.0,0.0,1.0,1.0,0.0
0.335,0.6,5.0,101.0,4.0,1.0,3.0,0.0,1.0,1.0,0.0
2.958545918367347,0.1938775510204081,98.0,17397.0,2.0,1.0,19.0,0.0,1.0,1.0,0.0
0.0083333333333333,0.6666666666666666,3.0,2.0,3.0,1.0,2.0,1.0,0.0,1.0,0.0
0.1294444444444444,0.238095238095238,63.0,490.0,3.0,1.0,15.0,1.0,0.0,1.0,0.0
10.668225352112676,0.4225352112676056,71.0,45447.0,2.0,1.0,30.0,0.0,1.0,1.0,0.0
0.4655384615384615,0.2352941176470588,221.0,6174.0,2.0,1.0,52.0,0.0,1.0,1.0,0.0
7.064972972972973,0.7027027027027027,37.0,15685.0,2.0,1.0,26.0,0.0,1.0,1.0,0.0
0.2887857142857142,0.2142857142857142,14.0,243.0,7.0,1.0,3.0,0.0,1.0,1.0,0.0
852.92925,0.5,2.0,102352.0,2.0,1.0,1.0,1.0,0.0,0.0,1.0
0.0083333333333333,0.3333333333333333,3.0,2.0,3.0,1.0,1.0,1.0,0.0,1.0,0.0
0.0355454545454545,0.6363636363636364,11.0,24.0,2.0,1.0,7.0,0.0,1.0,1.0,0.0
0.0143055555555555,0.2222222222222222,18.0,16.0,18.0,1.0,4.0,0.0,1.0,1.0,0.0
0.26725,0.75,8.0,129.0,2.0,1.0,6.0,0.0,1.0,1.0,0.0
0.2781590013140604,0.1353482260183968,761.0,12701.0,2.0,1.0,103.0,0.0,1.0,1.0,0.0
0.1948192771084337,0.1204819277108433,83.0,971.0,11.0,1.0,10.0,0.0,1.0,1.0,0.0
0.1322539682539682,0.2222222222222222,63.0,500.0,3.0,1.0,14.0,1.0,0.0,1.0,0.0
0.0076666666666666,1.0,3.0,2.0,3.0,1.0,3.0,1.0,0.0,1.0,0.0
0.1641025641025641,0.2564102564102564,39.0,384.0,5.0,1.0,10.0,0.0,1.0,1.0,0.0
1.8814102564102564,0.282051282051282,39.0,4403.0,2.0,1.0,11.0,0.0,1.0,1.0,0.0
2.9757903930131007,0.1877729257641921,229.0,40888.0,2.0,1.0,43.0,0.0,1.0,1.0,0.0
0.04825,0.5,6.0,18.0,2.0,1.0,3.0,0.0,1.0,1.0,0.0
0.0284857142857142,0.3428571428571428,35.0,60.0,5.0,1.0,12.0,0.0,1.0,1.0,0.0
0.0021875,0.75,8.0,2.0,8.0,1.0,6.0,0.0,1.0,1.0,0.0
0.0761428571428571,0.0952380952380952,21.0,96.0,21.0,1.0,2.0,1.0,0.0,1.0,0.0
0.1221587301587301,0.238095238095238,63.0,462.0,3.0,1.0,15.0,1.0,0.0,1.0,0.0
0.008,1.0,3.0,2.0,3.0,1.0,3.0,1.0,0.0,1.0,0.0
0.0018666666666666,0.8,15.0,2.0,15.0,1.0,12.0,0.0,1.0,1.0,0.0
0.0135,1.0,2.0,2.0,2.0,1.0,2.0,0.0,1.0,1.0,0.0
0.1588412698412698,0.2222222222222222,63.0,601.0,3.0,1.0,14.0,1.0,0.0,1.0,0.0
0.00825,0.5,2.0,1.0,2.0,1.0,1.0,1.0,0.0,1.0,0.0
3.1715,0.48,25.0,4758.0,2.0,1.0,12.0,0.0,1.0,1.0,0.0
0.0006666666666666,0.5555555555555556,18.0,1.0,3.0,1.0,10.0,0.0,1.0,1.0,0.0
5.359954545454545,0.5454545454545454,88.0,28301.0,2.0,1.0,48.0,0.0,1.0,1.0,0.0
0.003,1.0,3.0,1.0,3.0,1.0,3.0,0.0,1.0,1.0,0.0
0.0164583333333333,0.5833333333333334,12.0,12.0,2.0,1.0,7.0,0.0,1.0,1.0,0.0
0.0003151680290644,0.0136239782016348,3303.0,63.0,106.0,1.0,45.0,0.0,1.0,1.0,0.0
0.3253026315789473,0.3421052631578947,38.0,742.0,2.0,1.0,13.0,0.0,1.0,1.0,0.0
0.01175,1.0,2.0,2.0,2.0,1.0,2.0,0.0,1.0,1.0,0.0
2.6953165938864627,0.1572052401746725,229.0,37034.0,2.0,1.0,36.0,0.0,1.0,1.0,0.0
0.0058181818181818,0.9090909090909092,11.0,4.0,9.0,1.0,10.0,0.0,1.0,1.0,0.0
0.1098730158730158,0.2222222222222222,63.0,416.0,3.0,1.0,14.0,1.0,0.0,1.0,0.0
0.0010208333333333,0.5416666666666666,24.0,2.0,8.0,1.0,13.0,0.0,1.0,1.0,0.0
10.237916666666663,1.0,6.0,3686.0,2.0,1.0,6.0,0.0,1.0,1.0,0.0
0.00175,1.0,8.0,1.0,6.0,1.0,8.0,0.0,1.0,1.0,0.0
0.0952222222222222,0.238095238095238,63.0,360.0,3.0,1.0,15.0,1.0,0.0,1.0,0.0
1.2663202247191012,0.2808988764044944,89.0,6763.0,2.0,1.0,25.0,0.0,1.0,1.0,0.0
0.9593564814814816,0.3703703703703703,108.0,6217.0,2.0,1.0,40.0,0.0,1.0,1.0,0.0
0.0020217391304347,0.5652173913043478,23.0,3.0,8.0,1.0,13.0,0.0,1.0,1.0,0.0
1.3499385342789598,0.1773049645390071,423.0,34262.0,2.0,1.0,75.0,0.0,1.0,1.0,0.0
1.056529411764706,0.5294117647058824,17.0,1078.0,2.0,1.0,9.0,0.0,1.0,1.0,0.0
0.1103333333333333,0.2222222222222222,63.0,418.0,3.0,1.0,14.0,1.0,0.0,1.0,0.0
0.0058333333333333,0.6666666666666666,6.0,3.0,4.0,1.0,4.0,0.0,1.0,1.0,0.0
0.1432936802973977,0.1635687732342007,269.0,2313.0,2.0,1.0,44.0,0.0,1.0,1.0,0.0
0.5553541666666666,0.5833333333333334,24.0,800.0,2.0,1.0,14.0,0.0,1.0,1.0,0.0
0.0265341614906832,0.0786749482401656,483.0,769.0,3.0,1.0,38.0,1.0,0.0,1.0,0.0
0.0033227659574468,0.0357446808510638,2350.0,469.0,176.0,1.0,84.0,1.0,0.0,1.0,0.0
0.8916562162162162,0.094054054054054,925.0,49487.0,2.0,1.0,87.0,0.0,1.0,1.0,0.0
0.04725,1.0,2.0,6.0,2.0,1.0,2.0,0.0,1.0,1.0,0.0
0.1119841269841269,0.2222222222222222,63.0,424.0,3.0,1.0,14.0,1.0,0.0,1.0,0.0
0.3436666666666667,0.8333333333333334,6.0,124.0,2.0,1.0,5.0,0.0,1.0,1.0,0.0
5.169958904109588,0.4520547945205479,73.0,22645.0,2.0,1.0,33.0,1.0,0.0,1.0,0.0
0.314452380952381,0.4285714285714285,21.0,397.0,4.0,1.0,9.0,0.0,1.0,1.0,0.0
0.15016,0.28,50.0,451.0,7.0,1.0,14.0,0.0,1.0,1.0,0.0
0.0016666666666666,0.8888888888888888,9.0,1.0,5.0,1.0,8.0,0.0,1.0,1.0,0.0
28.316714285714287,0.7857142857142857,14.0,23787.0,2.0,1.0,11.0,0.0,1.0,1.0,0.0
0.00575,1.0,2.0,1.0,2.0,1.0,2.0,0.0,1.0,1.0,0.0
0.0008457943925233,0.0677570093457943,428.0,22.0,15.0,1.0,29.0,0.0,1.0,1.0,0.0
0.002125,1.0,8.0,2.0,6.0,1.0,8.0,0.0,1.0,1.0,0.0
0.0060096153846153,0.0769230769230769,52.0,19.0,54.0,1.0,4.0,0.0,1.0,1.0,0.0
0.1141111111111111,0.2222222222222222,63.0,432.0,3.0,1.0,14.0,1.0,0.0,1.0,0.0
0.0027692307692307,1.0,13.0,3.0,9.0,1.0,13.0,0.0,1.0,1.0,0.0
1.3799230769230768,0.7692307692307693,13.0,1077.0,3.0,1.0,10.0,1.0,0.0,0.0,1.0
0.1166031746031746,0.2222222222222222,63.0,441.0,3.0,1.0,14.0,1.0,0.0,1.0,0.0
0.041125,0.75,4.0,10.0,4.0,1.0,3.0,1.0,0.0,1.0,0.0
3.240220873786408,0.145631067961165,412.0,80099.0,2.0,1.0,60.0,0.0,1.0,1.0,0.0
0.02325,1.0,2.0,3.0,2.0,1.0,2.0,0.0,1.0,1.0,0.0
0.00225,1.0,12.0,2.0,8.0,1.0,12.0,0.0,1.0,1.0,0.0
0.0003581780538302,0.046583850931677,966.0,21.0,145.0,1.0,45.0,0.0,1.0,1.0,0.0
0.0033930514859773,0.0351611552951025,2389.0,487.0,183.0,1.0,84.0,1.0,0.0,1.0,0.0
0.00425,0.5,2.0,1.0,2.0,1.0,1.0,0.0,1.0,1.0,0.0
0.0638888888888888,0.1481481481481481,27.0,104.0,5.0,1.0,4.0,0.0,1.0,1.0,0.0
46.98109090909091,0.4090909090909091,22.0,62016.0,2.0,1.0,9.0,0.0,1.0,1.0,0.0
1.3121852791878172,0.1979695431472081,197.0,15511.0,2.0,1.0,39.0,0.0,1.0,1.0,0.0
0.006,0.5,2.0,1.0,2.0,1.0,1.0,0.0,1.0,1.0,0.0
11.328421348314606,0.3258426966292135,89.0,60494.0,2.0,1.0,29.0,0.0,1.0,0.0,1.0
0.2442777777777777,0.2222222222222222,18.0,264.0,9.0,1.0,4.0,0.0,1.0,1.0,0.0
0.0098,0.6,5.0,3.0,5.0,1.0,3.0,0.0,1.0,1.0,0.0
0.0284166666666666,0.3333333333333333,12.0,21.0,11.0,1.0,4.0,1.0,0.0,1.0,0.0
0.1532539682539682,0.2222222222222222,63.0,580.0,3.0,1.0,14.0,1.0,0.0,1.0,0.0
0.005090909090909,0.9090909090909092,11.0,4.0,9.0,1.0,10.0,0.0,1.0,1.0,0.0
0.0065,1.0,4.0,2.0,3.0,1.0,4.0,0.0,1.0,1.0,0.0
0.0018888888888888,0.8888888888888888,9.0,2.0,5.0,1.0,8.0,0.0,1.0,1.0,0.0
0.062,1.0,2.0,8.0,2.0,1.0,2.0,0.0,1.0,1.0,0.0
3.836141791044776,0.3134328358208955,67.0,15422.0,2.0,1.0,21.0,0.0,1.0,1.0,0.0
0.011,1.0,2.0,2.0,2.0,1.0,2.0,0.0,1.0,0.0,1.0
3.509857142857143,0.3857142857142857,70.0,14742.0,2.0,1.0,27.0,0.0,1.0,1.0,0.0
0.07075,1.0,2.0,9.0,2.0,1.0,2.0,0.0,1.0,1.0,0.0
0.0040833333333333,0.6666666666666666,6.0,2.0,6.0,1.0,4.0,1.0,0.0,1.0,0.0
0.5694191616766467,0.1796407185628742,167.0,5706.0,5.0,1.0,30.0,0.0,1.0,1.0,0.0
0.003,0.75,4.0,1.0,3.0,1.0,3.0,0.0,1.0,1.0,0.0
0.9772767653758542,0.1298405466970387,439.0,25742.0,2.0,1.0,57.0,0.0,1.0,1.0,0.0
0.1413243243243243,0.2297297297297297,74.0,628.0,3.0,1.0,17.0,1.0,0.0,1.0,0.0
0.1097142857142857,0.2222222222222222,63.0,415.0,3.0,1.0,14.0,1.0,0.0,1.0,0.0
41.28322727272728,0.4545454545454545,22.0,54494.0,2.0,1.0,10.0,0.0,1.0,1.0,0.0
0.0001927781013395,0.0262085032032615,1717.0,20.0,105.0,1.0,45.0,0.0,1.0,1.0,0.0
0.9922392909896602,0.1772525849335302,677.0,40305.0,3.0,1.0,120.0,0.0,1.0,1.0,0.0
28.289166666666667,0.6666666666666666,6.0,10185.0,2.0,1.0,4.0,0.0,1.0,1.0,0.0
0.1242727272727272,0.2337662337662337,77.0,575.0,3.0,1.0,18.0,1.0,0.0,1.0,0.0
0.00625,1.0,2.0,1.0,2.0,1.0,2.0,1.0,0.0,1.0,0.0
0.0045833333333333,0.6666666666666666,6.0,2.0,4.0,1.0,4.0,0.0,1.0,1.0,0.0
2.5239969325153373,0.1319018404907975,326.0,49370.0,2.0,1.0,43.0,0.0,1.0,1.0,0.0
0.002,0.9285714285714286,14.0,2.0,9.0,1.0,13.0,0.0,1.0,1.0,0.0
0.5298571428571429,0.4285714285714285,7.0,223.0,4.0,1.0,3.0,1.0,0.0,1.0,0.0
0.011,1.0,2.0,2.0,2.0,1.0,2.0,0.0,1.0,1.0,0.0
2.985230769230769,0.6153846153846154,13.0,2329.0,2.0,1.0,8.0,0.0,1.0,1.0,0.0
0.2312142857142857,0.2142857142857142,14.0,195.0,7.0,1.0,3.0,0.0,1.0,1.0,0.0
0.05575,0.3333333333333333,6.0,21.0,6.0,1.0,2.0,1.0,0.0,1.0,0.0
0.5916531476997579,0.0423728813559322,826.0,29323.0,22.0,1.0,35.0,0.0,1.0,1.0,0.0
0.7225973597359736,0.132013201320132,303.0,13137.0,2.0,1.0,40.0,0.0,1.0,1.0,0.0
0.0219795918367346,0.1683673469387755,196.0,259.0,22.0,1.0,33.0,0.0,1.0,1.0,0.0
0.0025625,0.375,8.0,2.0,6.0,1.0,3.0,1.0,0.0,1.0,0.0
0.120326923076923,0.5,26.0,188.0,8.0,1.0,13.0,0.0,1.0,1.0,0.0
0.113074074074074,0.1407407407407407,135.0,916.0,3.0,1.0,19.0,1.0,0.0,1.0,0.0
2.758485294117647,0.1360294117647058,272.0,45019.0,2.0,1.0,37.0,0.0,1.0,1.0,0.0
0.105063492063492,0.238095238095238,63.0,398.0,3.0,1.0,15.0,1.0,0.0,1.0,0.0
1.994448275862069,0.3879310344827586,116.0,13882.0,2.0,1.0,45.0,0.0,1.0,1.0,0.0
0.101184331797235,0.032258064516129,868.0,5270.0,3.0,1.0,28.0,1.0,0.0,1.0,0.0
5.276555555555555,0.3333333333333333,9.0,2850.0,2.0,1.0,3.0,0.0,1.0,0.0,1.0
1.448434599156118,0.2531645569620253,237.0,20597.0,2.0,1.0,60.0,1.0,0.0,1.0,0.0
0.05518,0.2,50.0,166.0,5.0,1.0,10.0,0.0,1.0,1.0,0.0
0.0125,0.5,6.0,5.0,2.0,1.0,3.0,0.0,1.0,1.0,0.0
0.0002202937249666,0.02803738317757,1498.0,20.0,102.0,1.0,42.0,0.0,1.0,1.0,0.0
3.487462962962963,0.4814814814814814,27.0,5650.0,2.0,1.0,13.0,0.0,1.0,0.0,1.0
0.076875,1.0,4.0,19.0,2.0,1.0,4.0,0.0,1.0,1.0,0.0
0.0727741935483871,0.4516129032258064,31.0,136.0,5.0,1.0,14.0,1.0,0.0,1.0,0.0
0.1190148741418764,0.0320366132723112,874.0,6242.0,3.0,1.0,28.0,1.0,0.0,1.0,0.0
1.1446502242152468,0.116591928251121,446.0,30631.0,2.0,1.0,52.0,0.0,1.0,1.0,0.0
19.48041279069768,0.2674418604651162,86.0,100519.0,2.0,1.0,23.0,0.0,1.0,1.0,0.0
3.705173333333333,0.44,75.0,16674.0,2.0,1.0,33.0,0.0,1.0,1.0,0.0
0.0081111111111111,0.8888888888888888,9.0,5.0,9.0,1.0,8.0,0.0,1.0,1.0,0.0
0.025451923076923,0.2307692307692307,52.0,80.0,4.0,1.0,12.0,0.0,1.0,1.0,0.0
0.0008372093023255,0.2325581395348837,43.0,3.0,21.0,1.0,10.0,0.0,1.0,1.0,0.0
0.4564444444444444,0.3333333333333333,9.0,247.0,5.0,1.0,3.0,0.0,1.0,1.0,0.0
0.0014285714285714,0.8571428571428571,14.0,2.0,14.0,1.0,12.0,0.0,1.0,1.0,0.0
0.0001991421568627,0.0269607843137254,1632.0,20.0,153.0,1.0,44.0,0.0,1.0,1.0,0.0
0.001076923076923,1.0,13.0,1.0,9.0,1.0,13.0,0.0,1.0,1.0,0.0
0.00525,1.0,4.0,2.0,3.0,1.0,4.0,0.0,1.0,1.0,0.0
0.9535379310344828,0.1793103448275862,290.0,16592.0,2.0,1.0,52.0,0.0,1.0,1.0,0.0
0.186,0.5,2.0,23.0,2.0,1.0,1.0,0.0,1.0,1.0,0.0
0.006,1.0,2.0,1.0,2.0,1.0,2.0,0.0,1.0,1.0,0.0
0.0793333333333333,0.6666666666666666,3.0,15.0,2.0,1.0,2.0,1.0,0.0,0.0,1.0
0.01175,0.75,4.0,3.0,3.0,1.0,3.0,1.0,0.0,1.0,0.0
0.04196,0.24,100.0,252.0,31.0,1.0,24.0,0.0,1.0,1.0,0.0
0.0025286956521739,0.048695652173913,575.0,88.0,21.0,1.0,28.0,0.0,1.0,1.0,0.0
0.0009473684210526,0.5263157894736842,19.0,2.0,5.0,1.0,10.0,0.0,1.0,1.0,0.0
0.4082303370786517,0.2921348314606741,89.0,2180.0,2.0,1.0,26.0,0.0,1.0,1.0,0.0
0.0588,0.5,20.0,71.0,3.0,1.0,10.0,0.0,1.0,1.0,0.0
0.6690952380952381,0.4761904761904761,21.0,844.0,3.0,1.0,10.0,0.0,1.0,1.0,0.0
0.1565,0.8,5.0,47.0,2.0,1.0,4.0,0.0,1.0,1.0,0.0
0.0017815884476534,0.0577617328519855,554.0,60.0,27.0,1.0,32.0,0.0,1.0,1.0,0.0
0.4922380952380952,0.4761904761904761,21.0,621.0,2.0,1.0,10.0,0.0,1.0,1.0,0.0
0.309114006514658,0.1498371335504886,614.0,11388.0,3.0,1.0,92.0,1.0,0.0,1.0,0.0
0.01375,1.0,2.0,2.0,2.0,1.0,2.0,0.0,1.0,1.0,0.0
0.0249826989619377,0.1003460207612456,289.0,434.0,16.0,1.0,29.0,0.0,1.0,1.0,0.0
0.0215,1.0,2.0,3.0,2.0,1.0,2.0,0.0,1.0,1.0,0.0
3.78996875,0.6875,16.0,3639.0,2.0,1.0,11.0,0.0,1.0,1.0,0.0
0.1864482758620689,0.3448275862068966,29.0,325.0,4.0,1.0,10.0,0.0,1.0,1.0,0.0
2.744634615384616,0.2692307692307692,78.0,12845.0,2.0,1.0,21.0,0.0,1.0,1.0,0.0
0.006,1.0,3.0,2.0,3.0,1.0,3.0,1.0,0.0,1.0,0.0
0.0241666666666666,0.1666666666666666,12.0,18.0,12.0,1.0,2.0,1.0,0.0,1.0,0.0
0.13745,0.7,10.0,83.0,2.0,1.0,7.0,0.0,1.0,1.0,0.0
0.0008846153846153,0.6923076923076923,26.0,2.0,11.0,1.0,18.0,0.0,1.0,1.0,0.0
3.6822241379310334,0.4827586206896552,29.0,6408.0,2.0,1.0,14.0,0.0,1.0,1.0,0.0
0.0006034019695613,0.0331244404655326,1117.0,41.0,82.0,1.0,37.0,0.0,1.0,1.0,0.0
0.0014321462945139,0.0192492781520692,2078.0,179.0,87.0,1.0,40.0,0.0,1.0,1.0,0.0
0.0013076923076923,1.0,13.0,2.0,9.0,1.0,13.0,0.0,1.0,1.0,0.0
0.1718730158730158,0.2222222222222222,63.0,650.0,3.0,1.0,14.0,1.0,0.0,1.0,0.0
0.0175267857142857,0.2589285714285714,112.0,118.0,19.0,1.0,29.0,0.0,1.0,1.0,0.0
0.1762264150943396,0.2641509433962264,53.0,561.0,3.0,1.0,14.0,1.0,0.0,1.0,0.0
0.1105,0.5,2.0,14.0,2.0,1.0,1.0,1.0,0.0,1.0,0.0
0.0076666666666666,0.6666666666666666,3.0,2.0,3.0,1.0,2.0,0.0,1.0,1.0,0.0
0.0029090909090909,0.9090909090909092,11.0,2.0,11.0,1.0,10.0,0.0,1.0,1.0,0.0
2.234935483870968,0.5645161290322581,62.0,8314.0,2.0,1.0,35.0,0.0,1.0,1.0,0.0
0.114943396226415,0.2641509433962264,53.0,366.0,3.0,1.0,14.0,1.0,0.0,1.0,0.0
0.0199705882352941,0.3823529411764705,34.0,41.0,5.0,1.0,13.0,0.0,1.0,1.0,0.0
9.253941176470589,0.7647058823529411,17.0,9440.0,2.0,1.0,13.0,0.0,1.0,0.0,1.0
0.0086875,0.2083333333333333,24.0,13.0,24.0,1.0,5.0,1.0,0.0,1.0,0.0
0.1035,0.7,10.0,63.0,2.0,1.0,7.0,0.0,1.0,1.0,0.0
0.1341818181818181,0.7272727272727273,11.0,89.0,2.0,1.0,8.0,0.0,1.0,1.0,0.0
0.0009230769230769,0.4615384615384615,13.0,1.0,3.0,1.0,6.0,0.0,1.0,1.0,0.0
0.053125,0.75,4.0,13.0,4.0,1.0,3.0,1.0,0.0,1.0,0.0
0.4415874999999999,0.134375,320.0,8479.0,2.0,1.0,43.0,0.0,1.0,1.0,0.0
0.1037619047619047,0.238095238095238,63.0,393.0,3.0,1.0,15.0,1.0,0.0,1.0,0.0
2.2128500948766603,0.0256166982922201,1054.0,139941.0,19.0,1.0,27.0,0.0,1.0,1.0,0.0
29.826886243386245,0.0383597883597883,756.0,1352948.0,6.0,1.0,29.0,0.0,1.0,1.0,0.0
0.3740238095238095,0.6666666666666666,21.0,472.0,2.0,1.0,14.0,0.0,1.0,1.0,0.0
0.0009746666666666,0.0906666666666666,375.0,22.0,34.0,1.0,34.0,0.0,1.0,1.0,0.0
0.6635,1.0,3.0,120.0,2.0,1.0,3.0,0.0,1.0,1.0,0.0
0.0116,0.4333333333333333,30.0,21.0,13.0,1.0,13.0,0.0,1.0,1.0,0.0
0.0035,0.5833333333333334,12.0,3.0,2.0,1.0,7.0,0.0,1.0,1.0,0.0
0.5691422594142259,0.1841004184100418,239.0,8162.0,2.0,1.0,44.0,0.0,1.0,1.0,0.0
0.089338028169014,0.2394366197183098,71.0,381.0,3.0,1.0,17.0,1.0,0.0,1.0,0.0
0.0008611111111111,0.6111111111111112,18.0,1.0,18.0,1.0,11.0,0.0,1.0,1.0,0.0
0.003342287694974,0.0363951473136915,2308.0,463.0,170.0,1.0,84.0,1.0,0.0,1.0,0.0
0.134525641025641,0.2435897435897435,78.0,630.0,3.0,1.0,19.0,1.0,0.0,1.0,0.0
0.0075,1.0,2.0,1.0,2.0,1.0,2.0,0.0,1.0,1.0,0.0
0.1225873015873015,0.2222222222222222,63.0,464.0,3.0,1.0,14.0,1.0,0.0,1.0,0.0
0.0410625,0.5,8.0,20.0,2.0,1.0,4.0,0.0,1.0,1.0,0.0
0.066,1.0,2.0,8.0,2.0,1.0,2.0,0.0,1.0,1.0,0.0
66.93485714285714,0.4285714285714285,7.0,28113.0,3.0,1.0,3.0,1.0,0.0,0.0,1.0
0.0069,0.1285714285714285,210.0,87.0,23.0,1.0,27.0,0.0,1.0,1.0,0.0
0.8376634615384615,0.4230769230769231,52.0,2614.0,2.0,1.0,22.0,0.0,1.0,1.0,0.0
0.03565,1.0,10.0,22.0,2.0,1.0,10.0,0.0,1.0,1.0,0.0
0.0034545454545454,0.9090909090909092,11.0,3.0,9.0,1.0,10.0,0.0,1.0,1.0,0.0
0.0880909090909091,0.2467532467532467,77.0,407.0,3.0,1.0,19.0,1.0,0.0,1.0,0.0
2.40195,0.2,10.0,1442.0,10.0,1.0,2.0,0.0,1.0,0.0,1.0
0.0012857142857142,0.9285714285714286,14.0,2.0,10.0,1.0,13.0,0.0,1.0,1.0,0.0
2.2770405405405403,0.2972972972972973,37.0,5056.0,2.0,1.0,11.0,0.0,1.0,1.0,0.0
0.287,1.0,2.0,35.0,2.0,1.0,2.0,1.0,0.0,0.0,1.0
0.0011412985630654,0.0250133049494411,1879.0,129.0,67.0,1.0,47.0,0.0,1.0,1.0,0.0
5.704351351351352,0.7297297297297297,37.0,12664.0,2.0,1.0,27.0,0.0,1.0,1.0,0.0
1.1024347826086958,0.3043478260869565,46.0,3043.0,2.0,1.0,14.0,0.0,1.0,1.0,0.0
6.728789473684211,0.2736842105263158,95.0,38355.0,2.0,1.0,26.0,0.0,1.0,1.0,0.0
0.002391304347826,0.5652173913043478,23.0,4.0,8.0,1.0,13.0,0.0,1.0,1.0,0.0
0.0520555555555555,0.2888888888888888,90.0,282.0,19.0,1.0,26.0,0.0,1.0,1.0,0.0
0.043,0.75,4.0,11.0,4.0,1.0,3.0,1.0,0.0,1.0,0.0
0.002,1.0,13.0,2.0,9.0,1.0,13.0,0.0,1.0,1.0,0.0
4.17793085106383,0.1702127659574468,94.0,23564.0,2.0,1.0,16.0,0.0,1.0,0.0,1.0
0.8496745843230403,0.1045130641330166,421.0,21463.0,2.0,1.0,44.0,0.0,1.0,1.0,0.0
0.00275,0.8333333333333334,12.0,2.0,12.0,1.0,10.0,0.0,1.0,1.0,0.0
0.0595,0.2272727272727272,44.0,158.0,11.0,1.0,10.0,0.0,1.0,1.0,0.0
0.0508333333333333,1.0,3.0,10.0,2.0,1.0,3.0,0.0,1.0,1.0,0.0
0.0025,0.5833333333333334,12.0,2.0,2.0,1.0,7.0,0.0,1.0,1.0,0.0
0.0049090909090909,0.9090909090909092,11.0,4.0,9.0,1.0,10.0,0.0,1.0,1.0,0.0
18.909666666666663,0.6666666666666666,9.0,10212.0,2.0,1.0,6.0,0.0,1.0,1.0,0.0
2.3419475190839694,0.1106870229007633,524.0,73631.0,2.0,1.0,58.0,0.0,1.0,1.0,0.0
0.1161666666666666,0.6666666666666666,3.0,21.0,2.0,1.0,2.0,0.0,1.0,1.0,0.0
84.04507407407408,0.2777777777777778,54.0,272307.0,2.0,1.0,15.0,0.0,1.0,1.0,0.0
0.0581904761904761,0.0952380952380952,21.0,74.0,21.0,1.0,2.0,1.0,0.0,1.0,0.0
0.0557906976744186,0.2325581395348837,43.0,144.0,7.0,1.0,10.0,0.0,1.0,1.0,0.0
10.012815217391305,0.2101449275362318,138.0,82907.0,4.0,1.0,29.0,0.0,1.0,1.0,0.0
81.1654117647059,0.5882352941176471,17.0,82789.0,2.0,1.0,10.0,0.0,1.0,1.0,0.0
0.3282222222222222,0.6111111111111112,18.0,355.0,3.0,1.0,11.0,0.0,1.0,1.0,0.0
0.4584274809160306,0.2366412213740458,131.0,3604.0,3.0,1.0,31.0,0.0,1.0,1.0,0.0
0.7404627659574468,0.2659574468085106,94.0,4177.0,6.0,1.0,25.0,0.0,1.0,1.0,0.0
0.0010526315789473,0.5263157894736842,19.0,2.0,5.0,1.0,10.0,0.0,1.0,1.0,0.0
0.00875,1.0,2.0,2.0,2.0,1.0,2.0,0.0,1.0,1.0,0.0
0.1150952380952381,0.2222222222222222,63.0,436.0,3.0,1.0,14.0,1.0,0.0,1.0,0.0
0.0046666666666666,0.3333333333333333,3.0,1.0,3.0,1.0,1.0,1.0,0.0,1.0,0.0
0.0967777777777777,0.2222222222222222,63.0,366.0,3.0,1.0,14.0,1.0,0.0,1.0,0.0
0.0334166666666666,0.2083333333333333,48.0,97.0,10.0,1.0,10.0,0.0,1.0,1.0,0.0
4.189119658119658,0.2051282051282051,117.0,29408.0,2.0,1.0,24.0,0.0,1.0,1.0,0.0
0.0087083333333333,0.5833333333333334,12.0,7.0,2.0,1.0,7.0,0.0,1.0,1.0,0.0
0.00025,0.5,2.0,1.0,2.0,1.0,1.0,0.0,1.0,0.0,1.0
30.854923780487805,0.0396341463414634,656.0,1214450.0,5.0,1.0,26.0,0.0,1.0,1.0,0.0
0.0096028368794326,0.1843971631205673,141.0,82.0,24.0,1.0,26.0,0.0,1.0,1.0,0.0
0.0086,0.6,5.0,3.0,5.0,1.0,3.0,0.0,1.0,1.0,0.0
0.02,1.0,2.0,3.0,2.0,1.0,2.0,0.0,1.0,1.0,0.0
2.4727,0.6666666666666666,15.0,2226.0,2.0,1.0,10.0,0.0,1.0,0.0,1.0
0.1624805194805195,0.2467532467532467,77.0,751.0,3.0,1.0,19.0,1.0,0.0,1.0,0.0
0.002625,1.0,12.0,2.0,8.0,1.0,12.0,0.0,1.0,1.0,0.0
0.0035,0.875,8.0,2.0,8.0,1.0,7.0,0.0,1.0,1.0,0.0
0.0117222222222222,0.6666666666666666,9.0,7.0,4.0,1.0,6.0,0.0,1.0,1.0,0.0
0.08442,0.4,25.0,127.0,4.0,1.0,10.0,0.0,1.0,1.0,0.0
2.733840909090909,0.3636363636363636,22.0,3609.0,2.0,1.0,8.0,0.0,1.0,1.0,0.0
0.0101999999999999,0.6,5.0,4.0,5.0,1.0,3.0,0.0,1.0,1.0,0.0
3.4339473684210526,0.7368421052631579,19.0,3915.0,2.0,1.0,14.0,0.0,1.0,1.0,0.0
0.7996388888888889,0.5,54.0,2591.0,2.0,1.0,27.0,0.0,1.0,1.0,0.0
0.0015454545454545,0.7272727272727273,11.0,2.0,11.0,1.0,8.0,0.0,1.0,1.0,0.0
0.0009090909090909,0.6363636363636364,11.0,1.0,3.0,1.0,7.0,0.0,1.0,1.0,0.0
0.0887662337662337,0.2337662337662337,77.0,411.0,3.0,1.0,18.0,1.0,0.0,1.0,0.0
0.0034056094929881,0.0463861920172599,927.0,190.0,35.0,1.0,43.0,0.0,1.0,1.0,0.0
0.0051818181818181,0.9090909090909092,11.0,4.0,9.0,1.0,10.0,0.0,1.0,1.0,0.0
0.0037791912766924,0.0381644706951385,2201.0,500.0,167.0,1.0,84.0,1.0,0.0,1.0,0.0
0.06025,1.0,2.0,8.0,2.0,1.0,2.0,0.0,1.0,1.0,0.0
0.0993417721518987,0.1518987341772152,79.0,471.0,9.0,1.0,12.0,0.0,1.0,1.0,0.0
0.0017777777777777,0.8888888888888888,9.0,1.0,5.0,1.0,8.0,0.0,1.0,1.0,0.0
0.60275,0.5,6.0,217.0,2.0,1.0,3.0,0.0,1.0,1.0,0.0
0.0505,1.0,2.0,7.0,2.0,1.0,2.0,1.0,0.0,1.0,0.0
0.001875,1.0,8.0,1.0,6.0,1.0,8.0,0.0,1.0,1.0,0.0
0.0015555555555555,0.8888888888888888,9.0,1.0,5.0,1.0,8.0,0.0,1.0,1.0,0.0
0.0003043478260869,0.0869565217391304,23.0,1.0,11.0,1.0,2.0,0.0,1.0,1.0,0.0
0.1345238095238095,0.238095238095238,63.0,509.0,3.0,1.0,15.0,1.0,0.0,1.0,0.0
0.1123333333333333,0.238095238095238,63.0,425.0,3.0,1.0,15.0,1.0,0.0,1.0,0.0
2.159348432055749,0.156794425087108,287.0,37184.0,2.0,1.0,45.0,0.0,1.0,1.0,0.0
0.1752173913043478,0.1304347826086956,23.0,242.0,12.0,1.0,3.0,0.0,1.0,1.0,0.0
19.12683333333333,0.6666666666666666,3.0,3443.0,2.0,1.0,2.0,0.0,1.0,1.0,0.0
0.061,1.0,2.0,8.0,2.0,1.0,2.0,0.0,1.0,1.0,0.0
1.1106098901098902,0.1538461538461538,91.0,6064.0,8.0,1.0,14.0,0.0,1.0,1.0,0.0
1.734480144404332,0.1046931407942238,277.0,28828.0,2.0,1.0,29.0,0.0,1.0,1.0,0.0
1.0587142857142855,0.7142857142857143,7.0,445.0,2.0,1.0,5.0,0.0,1.0,1.0,0.0
0.0532727272727272,0.101010101010101,99.0,317.0,14.0,1.0,10.0,0.0,1.0,1.0,0.0
0.0053333333333333,1.0,3.0,1.0,3.0,1.0,3.0,1.0,0.0,1.0,0.0
0.1258309859154929,0.2535211267605634,71.0,537.0,3.0,1.0,18.0,1.0,0.0,1.0,0.0
0.0014166666666666,0.6666666666666666,6.0,1.0,6.0,1.0,4.0,0.0,1.0,1.0,0.0
0.106,0.75,4.0,26.0,2.0,1.0,3.0,0.0,1.0,0.0,1.0
0.005,0.75,4.0,2.0,3.0,1.0,3.0,0.0,1.0,1.0,0.0
2.749826923076923,0.2307692307692307,52.0,8580.0,4.0,1.0,12.0,0.0,1.0,1.0,0.0
0.798755376344086,0.0793010752688172,744.0,35657.0,2.0,1.0,59.0,0.0,1.0,1.0,0.0
1.5965714285714288,0.4285714285714285,7.0,671.0,3.0,1.0,3.0,0.0,1.0,1.0,0.0
0.0085425101214574,0.1093117408906882,247.0,127.0,26.0,1.0,27.0,0.0,1.0,1.0,0.0
0.5923846153846154,0.6153846153846154,13.0,463.0,2.0,1.0,8.0,0.0,1.0,1.0,0.0
26.973636363636363,0.2045454545454545,44.0,71211.0,2.0,1.0,9.0,0.0,1.0,1.0,0.0
0.0093333333333333,0.3333333333333333,3.0,2.0,3.0,1.0,1.0,1.0,0.0,1.0,0.0
1.5245,0.2160194174757281,412.0,37686.0,2.0,1.0,89.0,0.0,1.0,1.0,0.0
0.0053333333333333,0.1236559139784946,186.0,60.0,29.0,1.0,23.0,0.0,1.0,1.0,0.0
1.1018076923076925,0.5,26.0,1719.0,3.0,1.0,13.0,0.0,1.0,0.0,1.0
0.0006571428571428,0.3714285714285714,35.0,2.0,35.0,1.0,13.0,0.0,1.0,1.0,0.0
0.0258571428571428,0.7857142857142857,14.0,22.0,6.0,1.0,11.0,0.0,1.0,1.0,0.0
0.0012631578947368,0.5263157894736842,19.0,2.0,5.0,1.0,10.0,0.0,1.0,1.0,0.0
5.741806122448979,0.2993197278911564,147.0,50643.0,2.0,1.0,44.0,0.0,1.0,1.0,0.0
0.00140625,0.25,16.0,2.0,8.0,1.0,4.0,1.0,0.0,1.0,0.0
2.056586206896552,0.5172413793103449,29.0,3579.0,2.0,1.0,15.0,0.0,1.0,1.0,0.0
0.207,0.4761904761904761,21.0,261.0,3.0,1.0,10.0,0.0,1.0,1.0,0.0
0.015,0.6666666666666666,3.0,3.0,2.0,1.0,2.0,0.0,1.0,1.0,0.0
1.3918333333333333,1.0,3.0,251.0,2.0,1.0,3.0,0.0,1.0,1.0,0.0
0.6076323529411765,0.6764705882352942,34.0,1240.0,2.0,1.0,23.0,0.0,1.0,1.0,0.0
0.002,0.6666666666666666,6.0,1.0,5.0,1.0,4.0,0.0,1.0,1.0,0.0
0.2598076923076923,0.6923076923076923,13.0,203.0,2.0,1.0,9.0,1.0,0.0,1.0,0.0
0.0771647058823529,0.2352941176470588,85.0,394.0,3.0,1.0,20.0,1.0,0.0,1.0,0.0
3.076923076923077e-05,0.378021978021978,455.0,1.0,350.0,1.0,172.0,0.0,1.0,1.0,0.0
0.0065,1.0,2.0,1.0,2.0,1.0,2.0,0.0,1.0,1.0,0.0
0.0143055555555555,0.2222222222222222,18.0,16.0,18.0,1.0,4.0,1.0,0.0,1.0,0.0
1.4016814814814815,0.362962962962963,135.0,11354.0,2.0,1.0,49.0,0.0,1.0,1.0,0.0
0.0018571428571428,0.8571428571428571,7.0,1.0,7.0,1.0,6.0,1.0,0.0,1.0,0.0
0.0056666666666666,0.6666666666666666,3.0,2.0,3.0,1.0,2.0,1.0,0.0,1.0,0.0
0.007453125,0.125,32.0,15.0,32.0,1.0,4.0,1.0,0.0,1.0,0.0
0.0009753086419753,0.1234567901234567,162.0,10.0,172.0,1.0,20.0,0.0,1.0,1.0,0.0
10.078358974358975,0.2564102564102564,78.0,47167.0,3.0,1.0,20.0,0.0,1.0,1.0,0.0
0.0108333333333333,1.0,3.0,2.0,2.0,1.0,3.0,0.0,1.0,1.0,0.0
0.0066666666666666,0.6666666666666666,3.0,2.0,3.0,1.0,2.0,0.0,1.0,1.0,0.0
2.936099173553719,0.1652892561983471,242.0,42633.0,2.0,1.0,40.0,0.0,1.0,1.0,0.0
1.778529761904762,0.3214285714285714,84.0,8964.0,2.0,1.0,27.0,0.0,1.0,1.0,0.0
3.2100862068965514,0.4137931034482758,58.0,11172.0,3.0,1.0,24.0,0.0,1.0,1.0,0.0
0.067,1.0,2.0,9.0,2.0,1.0,2.0,0.0,1.0,1.0,0.0
0.1246470588235294,0.2745098039215686,51.0,382.0,3.0,1.0,14.0,1.0,0.0,1.0,0.0
0.452090909090909,0.8181818181818182,11.0,299.0,2.0,1.0,9.0,0.0,1.0,1.0,0.0
0.0072118644067796,0.2796610169491525,118.0,52.0,45.0,1.0,33.0,0.0,1.0,1.0,0.0
0.4807558139534884,0.5116279069767442,43.0,1241.0,2.0,1.0,22.0,0.0,1.0,1.0,0.0
0.1054444444444444,0.238095238095238,63.0,399.0,3.0,1.0,15.0,1.0,0.0,1.0,0.0
0.117063492063492,0.2222222222222222,63.0,443.0,3.0,1.0,14.0,1.0,0.0,1.0,0.0
0.003,0.8333333333333334,6.0,2.0,5.0,1.0,5.0,0.0,1.0,1.0,0.0
16.28032894736842,0.2543859649122807,114.0,111358.0,2.0,1.0,29.0,0.0,1.0,1.0,0.0
59.243,0.8,5.0,17773.0,3.0,1.0,4.0,1.0,0.0,0.0,1.0
0.2026176470588235,0.4117647058823529,34.0,414.0,5.0,1.0,14.0,0.0,1.0,1.0,0.0
0.0085,1.0,4.0,3.0,3.0,1.0,4.0,0.0,1.0,1.0,0.0
0.005,0.4285714285714285,7.0,3.0,7.0,1.0,3.0,1.0,0.0,1.0,0.0
0.7283,0.52,25.0,1093.0,2.0,1.0,13.0,0.0,1.0,1.0,0.0
0.012375,0.5833333333333334,12.0,9.0,2.0,1.0,7.0,0.0,1.0,1.0,0.0
0.013,0.7368421052631579,19.0,15.0,4.0,1.0,14.0,0.0,1.0,1.0,0.0
0.1329411764705882,0.2352941176470588,85.0,678.0,3.0,1.0,20.0,1.0,0.0,1.0,0.0
0.005,1.0,3.0,1.0,3.0,1.0,3.0,1.0,0.0,1.0,0.0
19.133529411764705,0.2745098039215686,51.0,58549.0,2.0,1.0,14.0,0.0,1.0,1.0,0.0
0.0976190476190476,0.2222222222222222,63.0,369.0,3.0,1.0,14.0,1.0,0.0,1.0,0.0
0.0175,1.0,10.0,11.0,2.0,1.0,10.0,0.0,1.0,1.0,0.0
10.62225,0.7857142857142857,14.0,8923.0,2.0,1.0,11.0,0.0,1.0,0.0,1.0
0.0571470588235294,0.1372549019607843,102.0,350.0,7.0,1.0,14.0,0.0,1.0,1.0,0.0
0.0013,0.4,5.0,1.0,4.0,1.0,2.0,0.0,1.0,1.0,0.0
0.0983661971830986,0.2535211267605634,71.0,420.0,3.0,1.0,18.0,1.0,0.0,1.0,0.0
0.0137219512195121,0.1756097560975609,205.0,169.0,33.0,1.0,36.0,0.0,1.0,1.0,0.0
0.0525,1.0,2.0,7.0,2.0,1.0,2.0,0.0,1.0,1.0,0.0
0.2140793650793651,0.2222222222222222,63.0,810.0,3.0,1.0,14.0,1.0,0.0,1.0,0.0
0.0633333333333333,0.6666666666666666,3.0,12.0,3.0,1.0,2.0,0.0,1.0,1.0,0.0
0.00625,1.0,2.0,1.0,2.0,1.0,2.0,0.0,1.0,1.0,0.0
0.45805,0.8,10.0,275.0,2.0,1.0,8.0,0.0,1.0,1.0,0.0
0.2834,0.2,15.0,256.0,8.0,1.0,3.0,0.0,1.0,1.0,0.0
2.093636363636364,0.2424242424242424,66.0,8291.0,4.0,1.0,16.0,0.0,1.0,1.0,0.0
0.4246388888888889,0.5555555555555556,18.0,459.0,2.0,1.0,10.0,0.0,1.0,1.0,0.0
0.0034615384615384,0.3076923076923077,13.0,3.0,11.0,1.0,4.0,1.0,0.0,1.0,0.0
0.0683529411764705,0.196078431372549,51.0,210.0,9.0,1.0,10.0,0.0,1.0,1.0,0.0
0.0346407766990291,0.0679611650485436,206.0,429.0,29.0,1.0,14.0,0.0,1.0,1.0,0.0
0.1101904761904761,0.2222222222222222,63.0,417.0,3.0,1.0,14.0,1.0,0.0,1.0,0.0
3.227523809523809,0.7142857142857143,21.0,4067.0,2.0,1.0,15.0,0.0,1.0,1.0,0.0
2.625864988558352,0.1121281464530892,437.0,68851.0,2.0,1.0,49.0,0.0,1.0,1.0,0.0
48.83175,1.0,6.0,17580.0,2.0,1.0,6.0,0.0,1.0,1.0,0.0
0.001,1.0,13.0,1.0,9.0,1.0,13.0,0.0,1.0,1.0,0.0
0.1242539682539682,0.238095238095238,63.0,470.0,3.0,1.0,15.0,1.0,0.0,1.0,0.0
0.0038666666666666,0.6,15.0,4.0,4.0,1.0,9.0,1.0,0.0,1.0,0.0
3.840117647058824,0.5294117647058824,17.0,3917.0,3.0,1.0,9.0,0.0,1.0,0.0,1.0
22.90945333333333,0.36,75.0,103093.0,2.0,1.0,27.0,0.0,1.0,1.0,0.0
1.6711923076923076,0.5,52.0,5215.0,4.0,1.0,26.0,0.0,1.0,1.0,0.0
55.363375,0.5,8.0,26575.0,2.0,1.0,4.0,0.0,1.0,1.0,0.0
0.0520172413793103,0.3103448275862069,58.0,182.0,13.0,1.0,18.0,0.0,1.0,1.0,0.0
0.754,0.6666666666666666,3.0,136.0,2.0,1.0,2.0,1.0,0.0,0.0,1.0
0.00225,1.0,4.0,1.0,4.0,1.0,4.0,0.0,1.0,1.0,0.0
0.043375,0.5833333333333334,12.0,32.0,2.0,1.0,7.0,0.0,1.0,1.0,0.0
9.141666666666666,1.0,6.0,3291.0,2.0,1.0,6.0,0.0,1.0,0.0,1.0
0.0085,0.5,2.0,2.0,2.0,1.0,1.0,1.0,0.0,1.0,0.0
11.721073076923078,0.3230769230769231,130.0,91425.0,2.0,1.0,42.0,0.0,1.0,1.0,0.0
0.0016153846153846,1.0,13.0,2.0,9.0,1.0,13.0,0.0,1.0,1.0,0.0
0.7276666666666667,0.5,6.0,262.0,4.0,1.0,3.0,0.0,1.0,1.0,0.0
0.4520984848484848,0.1477272727272727,264.0,7162.0,2.0,1.0,39.0,0.0,1.0,1.0,0.0
0.1435714285714285,0.2222222222222222,63.0,543.0,3.0,1.0,14.0,1.0,0.0,1.0,0.0
0.3186724137931034,0.4827586206896552,29.0,555.0,6.0,1.0,14.0,0.0,1.0,1.0,0.0
0.1349014084507042,0.2394366197183098,71.0,575.0,3.0,1.0,17.0,1.0,0.0,1.0,0.0
20.33578947368421,0.5263157894736842,19.0,23183.0,2.0,1.0,10.0,0.0,1.0,1.0,0.0
0.0922676056338028,0.2394366197183098,71.0,394.0,3.0,1.0,17.0,1.0,0.0,1.0,0.0
0.00425,0.6666666666666666,6.0,2.0,6.0,1.0,4.0,1.0,0.0,1.0,0.0
0.37825,0.75,4.0,91.0,2.0,1.0,3.0,0.0,1.0,1.0,0.0
0.0017966171617161,0.0297029702970297,1212.0,131.0,46.0,1.0,36.0,0.0,1.0,1.0,0.0
0.0081999999999999,0.6,5.0,3.0,5.0,1.0,3.0,1.0,0.0,1.0,0.0
0.7793809523809524,0.4761904761904761,21.0,983.0,3.0,1.0,10.0,0.0,1.0,0.0,1.0
45.74734782608696,0.5217391304347826,23.0,63132.0,2.0,1.0,12.0,0.0,1.0,1.0,0.0
10.61148,0.3,50.0,31835.0,2.0,1.0,15.0,0.0,1.0,1.0,0.0
0.895125,0.75,4.0,215.0,2.0,1.0,3.0,0.0,1.0,1.0,0.0
0.2950714285714285,0.2142857142857142,14.0,248.0,8.0,1.0,3.0,0.0,1.0,1.0,0.0
0.0042666666666666,0.2666666666666666,15.0,4.0,15.0,1.0,4.0,1.0,0.0,1.0,0.0
0.621859375,0.4375,32.0,1194.0,2.0,1.0,14.0,0.0,1.0,1.0,0.0
2.6115,1.0,3.0,471.0,2.0,1.0,3.0,0.0,1.0,1.0,0.0
0.003,0.5,6.0,2.0,6.0,1.0,3.0,1.0,0.0,1.0,0.0
45.603433333333335,0.8,15.0,41044.0,2.0,1.0,12.0,1.0,0.0,0.0,1.0
21.59933333333333,0.4,30.0,38879.0,2.0,1.0,12.0,0.0,1.0,1.0,0.0
0.001625,0.5,8.0,1.0,9.0,1.0,4.0,0.0,1.0,1.0,0.0
0.0073804347826086,0.3695652173913043,46.0,21.0,20.0,1.0,17.0,0.0,1.0,1.0,0.0
0.0330990099009901,0.1237623762376237,202.0,402.0,3.0,1.0,25.0,0.0,1.0,1.0,0.0
0.009,0.5,2.0,2.0,2.0,1.0,1.0,1.0,0.0,1.0,0.0
0.1065396825396825,0.2222222222222222,63.0,403.0,3.0,1.0,14.0,1.0,0.0,1.0,0.0
